seed,disturbance_shape,disturbance_strength,method,event_index,tau,arrival,delay,quality_interval,residual_observed,residual_scaled,confidence,correction_norm,future_lab_obs_abs_error,future_lab_true_abs_error_diagnostic,dense_true_mae_h20,dense_true_mae_h40,dense_true_mae_h50
42,none,0.0,no_resync,47,7200,7240,40,150,1.1279926300048828,1.4964239213684951,0.9429574608802795,0.0,1.08298921585083,1.0732269287109375,1.0758846759796143,1.0818512797355653,1.086933078765869
42,none,0.0,output_bias_persistent,47,7200,7240,40,150,1.1279926300048828,1.4964239213684951,0.9429574608802795,1.4964239213684951,0.045003414154052734,0.05476570129394531,0.052335166931152345,0.046747004985809325,0.042292270660400394
42,none,0.0,output_bias_decay,47,7200,7240,40,150,1.1279926300048828,1.4964239213684951,0.9429574608802795,1.4964239213684951,0.5412083760692603,0.5314460889293677,0.04250857830047607,0.10459861755371094,0.13852907180786134
42,none,0.0,current_reencode,47,7200,7240,40,150,1.1279926300048828,1.4964239213684951,0.9429574608802795,0.5273116230964661,1.0829863548278809,1.0732240676879883,1.0694019794464111,1.0765869140625,1.082244691848755
42,none,0.0,online_head_update,47,7200,7240,40,150,1.1279926300048828,1.4964239213684951,0.9429574608802795,0.0,0.6301350593566895,0.6203727722167969,0.6291061639785767,0.636048948764801,0.6419894409179687
42,none,0.0,past_state_jacobian,47,7200,7240,40,150,1.1279926300048828,1.4964239213684951,0.9429574608802795,2.5,1.2050485610961914,1.1952862739562988,1.111319375038147,1.1322963118553162,1.145280694961548
42,none,0.0,oracle_resync,47,7200,7240,40,150,1.1279926300048828,1.4964239213684951,0.9429574608802795,1.880287766456604,1.114163875579834,1.1044015884399414,1.068574595451355,1.0717891931533814,1.0770782470703124
42,none,0.0,no_resync,48,7350,7390,40,150,1.08298921585083,1.4367212391948656,0.7948610186576843,0.0,1.2231059074401855,1.1206393241882324,1.0328862905502318,1.0368461847305297,1.0421400737762452
42,none,0.0,output_bias_persistent,48,7350,7390,40,150,1.08298921585083,1.4367212391948656,0.7948610186576843,1.4367212391948656,0.14011669158935547,0.037650108337402344,0.05010292530059814,0.04630932807922363,0.04157153129577637
42,none,0.0,output_bias_decay,48,7350,7390,40,150,1.08298921585083,1.4367212391948656,0.7948610186576843,1.4367212391948656,0.7029404460439466,0.6004738627919934,0.03886003494262695,0.09764353036880494,0.13082296371459962
42,none,0.0,current_reencode,48,7350,7390,40,150,1.08298921585083,1.4367212391948656,0.7948610186576843,0.8297223448753357,1.213831901550293,1.1113653182983398,1.0267009496688844,1.0304942011833191,1.0363068389892578
42,none,0.0,online_head_update,48,7350,7390,40,150,1.08298921585083,1.4367212391948656,0.7948610186576843,0.0,0.7784409523010254,0.6759743690490723,0.5462418556213379,0.5517699122428894,0.5574945163726807
42,none,0.0,past_state_jacobian,48,7350,7390,40,150,1.08298921585083,1.4367212391948656,0.7948610186576843,2.5,1.1998825073242188,1.0974159240722656,1.1533430337905883,1.168520700931549,1.1867813777923584
42,none,0.0,oracle_resync,48,7350,7390,40,150,1.08298921585083,1.4367212391948656,0.7948610186576843,1.12179696559906,1.199056625366211,1.0965900421142578,1.0254332542419433,1.0261376619338989,1.032732334136963
42,none,0.0,no_resync,49,7500,7540,40,150,1.2231059074401855,1.6226036319516477,0.9104909300804138,0.0,1.3719735145568848,1.3115925788879395,1.2097636699676513,1.2275553941726685,1.2344662761688232
42,none,0.0,output_bias_persistent,49,7500,7540,40,150,1.2231059074401855,1.6226036319516477,0.9104909300804138,1.6226036319516477,0.14886760711669922,0.0884866714477539,0.024096107482910155,0.026657581329345703,0.02912684440612793
42,none,0.0,output_bias_decay,49,7500,7540,40,150,1.2231059074401855,1.6226036319516477,0.9104909300804138,1.6226036319516477,0.784509263419114,0.7241283277501687,0.07399580478668213,0.16027164459228516,0.19998937606811523
42,none,0.0,current_reencode,49,7500,7540,40,150,1.2231059074401855,1.6226036319516477,0.9104909300804138,0.6897274851799011,1.3659601211547852,1.3055791854858398,1.1962598800659179,1.214451515674591,1.2220340156555176
42,none,0.0,online_head_update,49,7500,7540,40,150,1.2231059074401855,1.6226036319516477,0.9104909300804138,0.0,1.0225539207458496,0.9621729850769043,0.8129058599472045,0.8358709812164307,0.8445694637298584
42,none,0.0,past_state_jacobian,49,7500,7540,40,150,1.2231059074401855,1.6226036319516477,0.9104909300804138,2.5,1.3549671173095703,1.294586181640625,1.1827002048492432,1.1965800762176513,1.2060309219360352
42,none,0.0,oracle_resync,49,7500,7540,40,150,1.2231059074401855,1.6226036319516477,0.9104909300804138,2.5680181980133057,1.3539657592773438,1.2935848236083984,1.17025728225708,1.182188665866852,1.1898315048217774
42,none,0.0,no_resync,50,7650,7690,40,150,1.3719735145568848,1.8200952134395083,0.8755403757095337,0.0,1.2091646194458008,1.1842784881591797,1.302680492401123,1.3001610875129699,1.289388484954834
42,none,0.0,output_bias_persistent,50,7650,7690,40,150,1.3719735145568848,1.8200952134395083,0.8755403757095337,1.8200952134395083,0.16280889511108398,0.18769502639770508,0.06929302215576172,0.0718124270439148,0.08258502960205077
42,none,0.0,output_bias_decay,50,7650,7690,40,150,1.3719735145568848,1.8200952134395083,0.8755403757095337,1.8200952134395083,0.5501984674493263,0.5253123361627052,0.04428739547729492,0.11078139543533325,0.13524744033813477
42,none,0.0,current_reencode,50,7650,7690,40,150,1.3719735145568848,1.8200952134395083,0.8755403757095337,0.5729820132255554,1.2006258964538574,1.1757397651672363,1.295712685585022,1.293376660346985,1.28244215965271
42,none,0.0,online_head_update,50,7650,7690,40,150,1.3719735145568848,1.8200952134395083,0.8755403757095337,0.0,0.8614563941955566,0.8365702629089355,0.965489387512207,0.9617321848869324,0.9498243618011475
42,none,0.0,past_state_jacobian,50,7650,7690,40,150,1.3719735145568848,1.8200952134395083,0.8755403757095337,2.500000238418579,1.1591410636901855,1.1342549324035645,1.3143007278442382,1.3120040416717529,1.29554256439209
42,none,0.0,oracle_resync,50,7650,7690,40,150,1.3719735145568848,1.8200952134395083,0.8755403757095337,3.0503199100494385,1.1331758499145508,1.1082897186279297,1.250429391860962,1.251157283782959,1.2427275085449219
42,none,0.0,no_resync,51,7800,7840,40,150,1.2091646194458008,1.6041087621319803,0.9401246309280396,0.0,1.1701421737670898,1.188227653503418,1.1940119743347168,1.1963057279586793,1.1948566341400146
42,none,0.0,output_bias_persistent,51,7800,7840,40,150,1.2091646194458008,1.6041087621319803,0.9401246309280396,1.6041087621319803,0.03902244567871094,0.020936965942382812,0.026806211471557616,0.02862582206726074,0.02785019874572754
42,none,0.0,output_bias_decay,51,7800,7840,40,150,1.2091646194458008,1.6041087621319803,0.9401246309280396,1.6041087621319803,0.5893739971570415,0.6074594768933697,0.065761137008667,0.13847278356552123,0.16999949455261232
42,none,0.0,current_reencode,51,7800,7840,40,150,1.2091646194458008,1.6041087621319803,0.9401246309280396,0.48219534754753113,1.1673312187194824,1.1854166984558105,1.191893458366394,1.193888521194458,1.192392692565918
42,none,0.0,online_head_update,51,7800,7840,40,150,1.2091646194458008,1.6041087621319803,0.9401246309280396,0.0,0.755713939666748,0.7737994194030762,0.7757408857345581,0.7795028567314148,0.7772707557678222
42,none,0.0,past_state_jacobian,51,7800,7840,40,150,1.2091646194458008,1.6041087621319803,0.9401246309280396,2.500000238418579,1.1384034156799316,1.1564888954162598,1.2176692247390748,1.2112398743629456,1.2080525684356689
42,none,0.0,oracle_resync,51,7800,7840,40,150,1.2091646194458008,1.6041087621319803,0.9401246309280396,2.559858798980713,1.1302781105041504,1.1483635902404785,1.172571873664856,1.1763304948806763,1.1759379959106446
42,none,0.0,no_resync,52,7950,7990,40,150,1.1701421737670898,1.5523405859660837,0.7755022644996643,0.0,1.11299467086792,1.1807894706726074,1.2061259746551514,1.2043509840965272,1.206884937286377
42,none,0.0,output_bias_persistent,52,7950,7990,40,150,1.1701421737670898,1.5523405859660837,0.7755022644996643,1.5523405859660837,0.05714750289916992,0.010647296905517578,0.03741655349731445,0.03752003908157349,0.03939174652099609
42,none,0.0,output_bias_decay,52,7950,7990,40,150,1.1701421737670898,1.5523405859660837,0.7755022644996643,1.5523405859660837,0.5509691817788456,0.6187639815835331,0.11428625583648681,0.18065667152404785,0.21510223388671876
42,none,0.0,current_reencode,52,7950,7990,40,150,1.1701421737670898,1.5523405859660837,0.7755022644996643,0.3017895817756653,1.109738826751709,1.1775336265563965,1.2034698486328126,1.201827049255371,1.204345464706421
42,none,0.0,online_head_update,52,7950,7990,40,150,1.1701421737670898,1.5523405859660837,0.7755022644996643,0.0,0.7086315155029297,0.7764263153076172,0.811350655555725,0.8080270528793335,0.8123262882232666
42,none,0.0,past_state_jacobian,52,7950,7990,40,150,1.1701421737670898,1.5523405859660837,0.7755022644996643,2.5,1.0727834701538086,1.140578269958496,1.2355121612548827,1.2226052641868592,1.2240172672271727
42,none,0.0,oracle_resync,52,7950,7990,40,150,1.1701421737670898,1.5523405859660837,0.7755022644996643,2.6950795650482178,1.05279541015625,1.1205902099609375,1.1794312953948975,1.1811055541038513,1.184669532775879
42,none,0.0,no_resync,53,8100,8140,40,150,1.11299467086792,1.4765272445398874,0.7493403553962708,0.0,1.0237207412719727,1.1055374145507812,1.144778323173523,1.1447970032691956,1.1387888717651367
42,none,0.0,output_bias_persistent,53,8100,8140,40,150,1.11299467086792,1.4765272445398874,0.7493403553962708,1.4765272445398874,0.08927392959594727,0.007457256317138672,0.031783652305603025,0.03406535387039185,0.03070009231567383
42,none,0.0,output_bias_decay,53,8100,8140,40,150,1.11299467086792,1.4765272445398874,0.7493403553962708,1.4765272445398874,0.4891435007694138,0.5709601740482224,0.10626204013824463,0.171097993850708,0.19544296264648436
42,none,0.0,current_reencode,53,8100,8140,40,150,1.11299467086792,1.4765272445398874,0.7493403553962708,0.44952258467674255,1.0232162475585938,1.1050329208374023,1.1410518407821655,1.1420792818069458,1.1361252498626708
42,none,0.0,online_head_update,53,8100,8140,40,150,1.11299467086792,1.4765272445398874,0.7493403553962708,0.0,0.5956869125366211,0.6775035858154297,0.7270892143249512,0.7280699610710144,0.7221406555175781
42,none,0.0,past_state_jacobian,53,8100,8140,40,150,1.11299467086792,1.4765272445398874,0.7493403553962708,2.500000238418579,1.142080307006836,1.2238969802856445,1.1719654321670532,1.1673715233802795,1.1598251628875733
42,none,0.0,oracle_resync,53,8100,8140,40,150,1.11299467086792,1.4765272445398874,0.7493403553962708,1.5957554578781128,1.0607128143310547,1.1425294876098633,1.127975583076477,1.1294546008110047,1.1220757484436035
42,none,0.0,no_resync,54,8250,8290,40,150,1.0237207412719727,1.3580941624005438,0.9175663590431213,0.0,1.1968488693237305,1.146273136138916,1.1267584562301636,1.1340503573417664,1.1314140129089356
42,none,0.0,output_bias_persistent,54,8250,8290,40,150,1.0237207412719727,1.3580941624005438,0.9175663590431213,1.3580941624005438,0.1731281280517578,0.12255239486694336,0.10303771495819092,0.1103296160697937,0.10769327163696289
42,none,0.0,output_bias_decay,54,8250,8290,40,150,1.0237207412719727,1.3580941624005438,0.9175663590431213,1.3580941624005438,0.7051503704552227,0.6545746372704082,0.17154209613800048,0.2384522557258606,0.26373436927795413
42,none,0.0,current_reencode,54,8250,8290,40,150,1.0237207412719727,1.3580941624005438,0.9175663590431213,0.5805187821388245,1.1972994804382324,1.146723747253418,1.1270639657974244,1.1343104839324951,1.131812696456909
42,none,0.0,online_head_update,54,8250,8290,40,150,1.0237207412719727,1.3580941624005438,0.9175663590431213,0.0,0.7310519218444824,0.680476188659668,0.658443284034729,0.6666623830795289,0.6632018947601318
42,none,0.0,past_state_jacobian,54,8250,8290,40,150,1.0237207412719727,1.3580941624005438,0.9175663590431213,2.500000238418579,1.2566337585449219,1.2060580253601074,1.2346560478210449,1.2584058165550231,1.2436846351623536
42,none,0.0,oracle_resync,54,8250,8290,40,150,1.0237207412719727,1.3580941624005438,0.9175663590431213,2.122446298599243,1.2067065238952637,1.1561307907104492,1.1226792335510254,1.1288702130317687,1.1253453636169433
42,none,0.0,no_resync,55,8400,8440,40,150,1.1968488693237305,1.5877703724988996,0.9793782234191895,0.0,1.325068473815918,1.1567316055297852,1.1463809490203858,1.14276522397995,1.1402254295349121
42,none,0.0,output_bias_persistent,55,8400,8440,40,150,1.1968488693237305,1.5877703724988996,0.9793782234191895,1.5877703724988996,0.1282196044921875,0.04011726379394531,0.050467920303344724,0.05408364534378052,0.05662343978881836
42,none,0.0,output_bias_decay,55,8400,8440,40,150,1.1968488693237305,1.5877703724988996,0.9793782234191895,1.5877703724988996,0.7502156172763979,0.581878748990265,0.05642919540405274,0.10911041498184204,0.1365298080444336
42,none,0.0,current_reencode,55,8400,8440,40,150,1.1968488693237305,1.5877703724988996,0.9793782234191895,0.689361572265625,1.324213981628418,1.1558771133422852,1.1423065423965455,1.1373539447784424,1.1348085117340088
42,none,0.0,online_head_update,55,8400,8440,40,150,1.1968488693237305,1.5877703724988996,0.9793782234191895,0.0,0.8672184944152832,0.6988816261291504,0.6912978410720825,0.6876667976379395,0.6844419860839843
42,none,0.0,past_state_jacobian,55,8400,8440,40,150,1.1968488693237305,1.5877703724988996,0.9793782234191895,2.499999761581421,1.363100528717041,1.1947636604309082,1.203804039955139,1.1791619300842284,1.1757315731048583
42,none,0.0,oracle_resync,55,8400,8440,40,150,1.1968488693237305,1.5877703724988996,0.9793782234191895,1.3532874584197998,1.3368701934814453,1.1685333251953125,1.134305477142334,1.1268584370613097,1.1252701950073243
42,none,0.0,no_resync,56,8550,8590,40,150,1.325068473815918,1.7578697847172988,0.8985522389411926,0.0,1.3006081581115723,1.150688648223877,1.1431005716323852,1.1391883611679077,1.1379746913909912
42,none,0.0,output_bias_persistent,56,8550,8590,40,150,1.325068473815918,1.7578697847172988,0.8985522389411926,1.7578697847172988,0.024460315704345703,0.17437982559204102,0.1819679021835327,0.18588011264801024,0.18709378242492675
42,none,0.0,output_bias_decay,56,8550,8590,40,150,1.325068473815918,1.7578697847172988,0.8985522389411926,1.7578697847172988,0.664170745830817,0.5142512359431217,0.09329814910888672,0.07341645956039429,0.08964764595031738
42,none,0.0,current_reencode,56,8550,8590,40,150,1.325068473815918,1.7578697847172988,0.8985522389411926,0.901363730430603,1.2961268424987793,1.146207332611084,1.1367668390274048,1.1323790192604064,1.1313027572631835
42,none,0.0,online_head_update,56,8550,8590,40,150,1.325068473815918,1.7578697847172988,0.8985522389411926,0.0,0.8591957092285156,0.7092761993408203,0.6911649703979492,0.6852765083312988,0.6835537719726562
42,none,0.0,past_state_jacobian,56,8550,8590,40,150,1.325068473815918,1.7578697847172988,0.8985522389411926,2.5,1.3349995613098145,1.1850800514221191,1.2479562520980836,1.2283854842185975,1.2299516582489014
42,none,0.0,oracle_resync,56,8550,8590,40,150,1.325068473815918,1.7578697847172988,0.8985522389411926,1.7834688425064087,1.2963032722473145,1.1463837623596191,1.1331409692764283,1.12879239320755,1.1275716590881348
42,none,0.0,no_resync,57,8700,8740,40,150,1.3006081581115723,1.7254201032472614,0.9582419991493225,0.0,0.8267655372619629,1.0533618927001953,1.0919492959976196,1.0887877821922303,1.0908813095092773
42,none,0.0,output_bias_persistent,57,8700,8740,40,150,1.3006081581115723,1.7254201032472614,0.9582419991493225,1.7254201032472614,0.4738426208496094,0.24724626541137695,0.20865886211395263,0.21182037591934205,0.20972684860229493
42,none,0.0,output_bias_decay,57,8700,8740,40,150,1.3006081581115723,1.7254201032472614,0.9582419991493225,1.7254201032472614,0.2020765442803345,0.4286728997185669,0.12162594795227051,0.07681554555892944,0.08920673370361328
42,none,0.0,current_reencode,57,8700,8740,40,150,1.3006081581115723,1.7254201032472614,0.9582419991493225,0.49078336358070374,0.8226180076599121,1.0492143630981445,1.0863092422485352,1.0822556257247924,1.0848339557647706
42,none,0.0,online_head_update,57,8700,8740,40,150,1.3006081581115723,1.7254201032472614,0.9582419991493225,0.0,0.38860130310058594,0.6151976585388184,0.6574151515960693,0.6558065414428711,0.6598177337646485
42,none,0.0,past_state_jacobian,57,8700,8740,40,150,1.3006081581115723,1.7254201032472614,0.9582419991493225,2.5,0.9179830551147461,1.1445794105529785,1.16667742729187,1.1800631284713745,1.185711898803711
42,none,0.0,oracle_resync,57,8700,8740,40,150,1.3006081581115723,1.7254201032472614,0.9582419991493225,1.9520848989486694,0.8589043617248535,1.085500717163086,1.08138747215271,1.0748512625694275,1.078432674407959
42,none,0.0,no_resync,58,8850,8890,40,150,0.8267655372619629,1.0968083429024902,0.912563145160675,0.0,,,1.0237502098083495,1.0205805063247682,1.017847967147827
42,none,0.0,output_bias_persistent,58,8850,8890,40,150,0.8267655372619629,1.0968083429024902,0.912563145160675,1.0968083429024902,,,0.1969846725463867,0.19381496906280518,0.19108242988586427
42,none,0.0,output_bias_decay,58,8850,8890,40,150,0.8267655372619629,1.0968083429024902,0.912563145160675,1.0968083429024902,,,0.2523093938827515,0.2972878932952881,0.31710253715515135
42,none,0.0,current_reencode,58,8850,8890,40,150,0.8267655372619629,1.0968083429024902,0.912563145160675,0.4912372827529907,,,1.0190435886383056,1.016188097000122,1.0135360050201416
42,none,0.0,online_head_update,58,8850,8890,40,150,0.8267655372619629,1.0968083429024902,0.912563145160675,0.0,,,0.6197734117507935,0.6178973197937012,0.6149457263946533
42,none,0.0,past_state_jacobian,58,8850,8890,40,150,0.8267655372619629,1.0968083429024902,0.912563145160675,2.5,,,1.2353022336959838,1.2497186183929443,1.2447878456115722
42,none,0.0,oracle_resync,58,8850,8890,40,150,0.8267655372619629,1.0968083429024902,0.912563145160675,0.6645320057868958,,,1.0117040872573853,1.0114478588104248,1.0093366527557373
42,step,0.25,no_resync,47,7200,7240,40,150,1.122419834136963,1.4890309075988726,0.9429574608802795,0.0,1.1529765129089355,1.143214225769043,1.0997262239456176,1.1098889589309693,1.1173000049591064
42,step,0.25,output_bias_persistent,47,7200,7240,40,150,1.122419834136963,1.4890309075988726,0.9429574608802795,1.4890309075988726,0.030556678771972656,0.020794391632080078,0.028206133842468263,0.02722315788269043,0.02695826530456543
42,step,0.25,output_bias_decay,47,7200,7240,40,150,1.122419834136963,1.4890309075988726,0.9429574608802795,1.4890309075988726,0.6138723165246187,0.6041100293847261,0.058661913871765135,0.13106759786605834,0.16846413612365724
42,step,0.25,current_reencode,47,7200,7240,40,150,1.122419834136963,1.4890309075988726,0.9429574608802795,0.5178317427635193,1.1528820991516113,1.1431198120117188,1.093092441558838,1.1043917894363404,1.1123717498779297
42,step,0.25,online_head_update,47,7200,7240,40,150,1.122419834136963,1.4890309075988726,0.9429574608802795,0.0,0.7043032646179199,0.6945409774780273,0.6552739381790161,0.6676571846008301,0.6757534980773926
42,step,0.25,past_state_jacobian,47,7200,7240,40,150,1.122419834136963,1.4890309075988726,0.9429574608802795,2.500000238418579,1.2712125778198242,1.2614502906799316,1.13386709690094,1.1576502084732057,1.1701652717590332
42,step,0.25,oracle_resync,47,7200,7240,40,150,1.122419834136963,1.4890309075988726,0.9429574608802795,1.9093133211135864,1.183225154876709,1.1734628677368164,1.0917511463165284,1.0994051694869995,1.1070276260375977
42,step,0.25,no_resync,48,7350,7390,40,150,1.1529765129089355,1.5295681804990997,0.7948610186576843,0.0,1.361109733581543,1.2586431503295898,1.1290927886962892,1.137701189517975,1.1456123638153075
42,step,0.25,output_bias_persistent,48,7350,7390,40,150,1.1529765129089355,1.5295681804990997,0.7948610186576843,1.5295681804990997,0.20813322067260742,0.1056666374206543,0.024248218536376952,0.022345316410064698,0.022742204666137696
42,step,0.25,output_bias_decay,48,7350,7390,40,150,1.1529765129089355,1.5295681804990997,0.7948610186576843,1.5295681804990997,0.8073290023993493,0.7048624191473962,0.05729069709777832,0.13103448152542113,0.16998705863952637
42,step,0.25,current_reencode,48,7350,7390,40,150,1.1529765129089355,1.5295681804990997,0.7948610186576843,0.8064000606536865,1.3525285720825195,1.2500619888305664,1.1225393772125245,1.131101703643799,1.139540901184082
42,step,0.25,online_head_update,48,7350,7390,40,150,1.1529765129089355,1.5295681804990997,0.7948610186576843,0.0,0.9219284057617188,0.8194618225097656,0.6445823907852173,0.6546573519706727,0.6629650497436523
42,step,0.25,past_state_jacobian,48,7350,7390,40,150,1.1529765129089355,1.5295681804990997,0.7948610186576843,2.5,1.334977149963379,1.2325105667114258,1.252160120010376,1.2729403138160706,1.2936661624908448
42,step,0.25,oracle_resync,48,7350,7390,40,150,1.1529765129089355,1.5295681804990997,0.7948610186576843,0.9518293142318726,1.3391761779785156,1.2367095947265625,1.1208773851394653,1.126949393749237,1.1361659145355225
42,step,0.25,no_resync,49,7500,7540,40,150,1.361109733581543,1.80568304327494,0.9104909300804138,0.0,1.550285816192627,1.4899048805236816,1.3674069881439208,1.3876800060272216,1.395882806777954
42,step,0.25,output_bias_persistent,49,7500,7540,40,150,1.361109733581543,1.80568304327494,0.9104909300804138,1.80568304327494,0.18917608261108398,0.12879514694213867,0.02371220588684082,0.03553893566131592,0.0419480037689209
42,step,0.25,output_bias_decay,49,7500,7540,40,150,1.361109733581543,1.80568304327494,0.9104909300804138,1.80568304327494,0.8965375957884874,0.836156660119542,0.0989717960357666,0.19771503210067748,0.24287809371948244
42,step,0.25,current_reencode,49,7500,7540,40,150,1.361109733581543,1.80568304327494,0.9104909300804138,0.7470864057540894,1.5437216758728027,1.4833407402038574,1.3544080018997193,1.3743526458740234,1.383171920776367
42,step,0.25,online_head_update,49,7500,7540,40,150,1.361109733581543,1.80568304327494,0.9104909300804138,0.0,1.2278218269348145,1.1674408912658691,0.9852995872497559,1.0120652675628663,1.02255934715271
42,step,0.25,past_state_jacobian,49,7500,7540,40,150,1.361109733581543,1.80568304327494,0.9104909300804138,2.5,1.529493808746338,1.4691128730773926,1.329767632484436,1.347436535358429,1.3595504665374756
42,step,0.25,oracle_resync,49,7500,7540,40,150,1.361109733581543,1.80568304327494,0.9104909300804138,2.6137635707855225,1.52445650100708,1.4640755653381348,1.3206364393234253,1.3340394973754883,1.343851900100708
42,step,0.25,no_resync,50,7650,7690,40,150,1.550285816192627,2.0566488810293793,0.8755403757095337,0.0,1.394770622253418,1.3698844909667969,1.488698410987854,1.482140576839447,1.4701375007629394
42,step,0.25,output_bias_persistent,50,7650,7690,40,150,1.550285816192627,2.0566488810293793,0.8755403757095337,2.0566488810293793,0.15551519393920898,0.18040132522583008,0.061587405204772946,0.06814523935317993,0.0801483154296875
42,step,0.25,output_bias_decay,50,7650,7690,40,150,1.550285816192627,2.0566488810293793,0.8755403757095337,2.0566488810293793,0.6501601265317731,0.625273995245152,0.0530968427658081,0.13135091066360474,0.160532169342041
42,step,0.25,current_reencode,50,7650,7690,40,150,1.550285816192627,2.0566488810293793,0.8755403757095337,0.6822240352630615,1.3844819068908691,1.359595775604248,1.477150821685791,1.4711215615272522,1.4592548274993897
42,step,0.25,online_head_update,50,7650,7690,40,150,1.550285816192627,2.0566488810293793,0.8755403757095337,0.0,1.0756173133850098,1.0507311820983887,1.1808897972106933,1.171402394771576,1.1579494857788086
42,step,0.25,past_state_jacobian,50,7650,7690,40,150,1.550285816192627,2.0566488810293793,0.8755403757095337,2.500000476837158,1.339559555053711,1.3146734237670898,1.4780795097351074,1.4779950499534606,1.4619185638427734
42,step,0.25,oracle_resync,50,7650,7690,40,150,1.550285816192627,2.0566488810293793,0.8755403757095337,3.104753017425537,1.3156280517578125,1.2907419204711914,1.4188469648361206,1.4196400880813598,1.4111851787567138
42,step,0.25,no_resync,51,7800,7840,40,150,1.394770622253418,1.8503384405561238,0.9401246309280396,0.0,1.3966150283813477,1.4147005081176758,1.3916295289993286,1.3957382202148438,1.396012773513794
42,step,0.25,output_bias_persistent,51,7800,7840,40,150,1.394770622253418,1.8503384405561238,0.9401246309280396,1.8503384405561238,0.0018444061279296875,0.019929885864257812,0.02113950252532959,0.02386181354522705,0.02165419578552246
42,step,0.25,output_bias_decay,51,7800,7840,40,150,1.394770622253418,1.8503384405561238,0.9401246309280396,1.8503384405561238,0.7266993047087134,0.7447847844450415,0.09019286632537842,0.17552859783172609,0.2138407325744629
42,step,0.25,current_reencode,51,7800,7840,40,150,1.394770622253418,1.8503384405561238,0.9401246309280396,0.5216047763824463,1.393244743347168,1.411330223083496,1.3885430335998534,1.3923957824707032,1.392674560546875
42,step,0.25,online_head_update,51,7800,7840,40,150,1.394770622253418,1.8503384405561238,0.9401246309280396,0.0,0.9926638603210449,1.010749340057373,0.9840341567993164,0.9890757322311401,0.9885633087158203
42,step,0.25,past_state_jacobian,51,7800,7840,40,150,1.394770622253418,1.8503384405561238,0.9401246309280396,2.500000238418579,1.362593650817871,1.3806791305541992,1.41063449382782,1.406877088546753,1.4065430164337158
42,step,0.25,oracle_resync,51,7800,7840,40,150,1.394770622253418,1.8503384405561238,0.9401246309280396,2.5435354709625244,1.3536968231201172,1.3717823028564453,1.3685884714126586,1.3749125480651856,1.3767628002166747
42,step,0.25,no_resync,52,7950,7990,40,150,1.3966150283813477,1.852785276977866,0.7755022644996643,0.0,1.3727612495422363,1.4405560493469238,1.4433999061584473,1.444176232814789,1.4486620235443115
42,step,0.25,output_bias_persistent,52,7950,7990,40,150,1.3966150283813477,1.852785276977866,0.7755022644996643,1.852785276977866,0.023853778839111328,0.04394102096557617,0.04678487777709961,0.048153913021087645,0.052521162033081055
42,step,0.25,output_bias_decay,52,7950,7990,40,150,1.3966150283813477,1.852785276977866,0.7755022644996643,1.852785276977866,0.7019596478289944,0.769754447633682,0.14024226665496825,0.22235300540924072,0.2649266719818115
42,step,0.25,current_reencode,52,7950,7990,40,150,1.3966150283813477,1.852785276977866,0.7755022644996643,0.3216584324836731,1.3700714111328125,1.4378662109375,1.4414931297302247,1.442278516292572,1.4467181015014647
42,step,0.25,online_head_update,52,7950,7990,40,150,1.3966150283813477,1.852785276977866,0.7755022644996643,0.0,0.9817824363708496,1.049577236175537,1.0595395803451537,1.0587884306907653,1.0657731914520263
42,step,0.25,past_state_jacobian,52,7950,7990,40,150,1.3966150283813477,1.852785276977866,0.7755022644996643,2.500000238418579,1.3304471969604492,1.3982419967651367,1.4588104009628295,1.4509978413581848,1.4554658889770509
42,step,0.25,oracle_resync,52,7950,7990,40,150,1.3966150283813477,1.852785276977866,0.7755022644996643,2.7880213260650635,1.3084659576416016,1.376260757446289,1.4152706384658813,1.419011378288269,1.4246053028106689
42,step,0.25,no_resync,53,8100,8140,40,150,1.3727612495422363,1.8211402428523105,0.7493403553962708,0.0,1.3238563537597656,1.4056730270385742,1.4130407571792603,1.4152936100959779,1.4109794998168945
42,step,0.25,output_bias_persistent,53,8100,8140,40,150,1.3727612495422363,1.8211402428523105,0.7493403553962708,1.8211402428523105,0.0489048957824707,0.03291177749633789,0.040279507637023926,0.042980539798736575,0.03890119552612305
42,step,0.25,output_bias_decay,53,8100,8140,40,150,1.3727612495422363,1.8211402428523105,0.7493403553962708,1.8211402428523105,0.6645118484739729,0.7463285217527815,0.13214070796966554,0.2143388032913208,0.24746205329895019
42,step,0.25,current_reencode,53,8100,8140,40,150,1.3727612495422363,1.8211402428523105,0.7493403553962708,0.4645693600177765,1.3234453201293945,1.4052619934082031,1.4094776391983033,1.4127115845680236,1.4084791660308837
42,step,0.25,online_head_update,53,8100,8140,40,150,1.3727612495422363,1.8211402428523105,0.7493403553962708,0.0,0.9044766426086426,0.9862933158874512,1.0044309854507447,1.0064817070960999,1.0021517086029053
42,step,0.25,past_state_jacobian,53,8100,8140,40,150,1.3727612495422363,1.8211402428523105,0.7493403553962708,2.500000238418579,1.455063819885254,1.5368804931640625,1.440960431098938,1.4368293046951295,1.4310691356658936
42,step,0.25,oracle_resync,53,8100,8140,40,150,1.3727612495422363,1.8211402428523105,0.7493403553962708,1.3194248676300049,1.35223388671875,1.4340505599975586,1.393429732322693,1.3983930349349976,1.3928669357299805
42,step,0.25,no_resync,54,8250,8290,40,150,1.3238568305969238,1.756262387781506,0.9175663590431213,0.0,1.541801929473877,1.4912261962890625,1.4424575805664062,1.4530626773834228,1.4516002559661865
42,step,0.25,output_bias_persistent,54,8250,8290,40,150,1.3238568305969238,1.756262387781506,0.9175663590431213,1.756262387781506,0.21794509887695312,0.16736936569213867,0.11860074996948242,0.12920584678649902,0.1277434253692627
42,step,0.25,output_bias_decay,54,8250,8290,40,150,1.3238568305969238,1.756262387781506,0.9175663590431213,1.756262387781506,0.9059464758542344,0.8553707426694199,0.20718934535980224,0.2948916792869568,0.32953289031982425
42,step,0.25,current_reencode,54,8250,8290,40,150,1.3238568305969238,1.756262387781506,0.9175663590431213,0.6163186430931091,1.543175220489502,1.4925994873046875,1.4432079792022705,1.453684961795807,1.452557487487793
42,step,0.25,online_head_update,54,8250,8290,40,150,1.3238568305969238,1.756262387781506,0.9175663590431213,0.0,1.0669894218444824,1.016413688659668,0.9660308122634887,0.977475893497467,0.9749639797210693
42,step,0.25,past_state_jacobian,54,8250,8290,40,150,1.3238568305969238,1.756262387781506,0.9175663590431213,2.5,1.6103863716125488,1.5598106384277344,1.5654993295669555,1.5840128660202026,1.5721142101287842
42,step,0.25,oracle_resync,54,8250,8290,40,150,1.3238568305969238,1.756262387781506,0.9175663590431213,1.7693939208984375,1.5422849655151367,1.4917092323303223,1.4407798290252685,1.4506306052207947,1.4483820724487304
42,step,0.25,no_resync,55,8400,8440,40,150,1.541801929473877,2.045393939556878,0.9793782234191895,0.0,1.7148313522338867,1.546494483947754,1.5060707569122314,1.5053279638290404,1.5041727542877197
42,step,0.25,output_bias_persistent,55,8400,8440,40,150,1.541801929473877,2.045393939556878,0.9793782234191895,2.045393939556878,0.17302942276000977,0.004692554473876953,0.038895273208618165,0.038056015968322754,0.03889481544494629
42,step,0.25,output_bias_decay,55,8400,8440,40,150,1.541801929473877,2.045393939556878,0.9793782234191895,2.045393939556878,0.9742957122771028,0.80595884399097,0.08348793983459472,0.16451168060302734,0.2037992000579834
42,step,0.25,current_reencode,55,8400,8440,40,150,1.541801929473877,2.045393939556878,0.9793782234191895,0.6286471486091614,1.7146477699279785,1.5463109016418457,1.5037436962127686,1.5019668459892273,1.5007767391204834
42,step,0.25,online_head_update,55,8400,8440,40,150,1.541801929473877,2.045393939556878,0.9793782234191895,0.0,1.2578601837158203,1.0895233154296875,1.0507166862487793,1.0501616954803468,1.0483136558532715
42,step,0.25,past_state_jacobian,55,8400,8440,40,150,1.541801929473877,2.045393939556878,0.9793782234191895,2.5,1.755967140197754,1.587630271911621,1.5796747207641602,1.5540783047676086,1.5512158584594726
42,step,0.25,oracle_resync,55,8400,8440,40,150,1.541801929473877,2.045393939556878,0.9793782234191895,1.0618306398391724,1.7228035926818848,1.554466724395752,1.4966058731079102,1.4912773370742798,1.4909070682525636
42,step,0.25,no_resync,56,8550,8590,40,150,1.7148313522338867,2.2749392046864383,0.8985522389411926,0.0,1.727926254272461,1.5780067443847656,1.5456952571868896,1.5437236905097962,1.543742847442627
42,step,0.25,output_bias_persistent,56,8550,8590,40,150,1.7148313522338867,2.2749392046864383,0.8985522389411926,2.2749392046864383,0.013094902038574219,0.1368246078491211,0.16913609504699706,0.1711076617240906,0.17108850479125975
42,step,0.25,output_bias_decay,56,8550,8590,40,150,1.7148313522338867,2.2749392046864383,0.8985522389411926,2.2749392046864383,0.9042836653195359,0.7543641554318405,0.06888935565948487,0.10514717102050782,0.1396050548553467
42,step,0.25,current_reencode,56,8550,8590,40,150,1.7148313522338867,2.2749392046864383,0.8985522389411926,0.8495548963546753,1.724924087524414,1.5750045776367188,1.5408956050872802,1.538507330417633,1.5386625480651857
42,step,0.25,online_head_update,56,8550,8590,40,150,1.7148313522338867,2.2749392046864383,0.8985522389411926,0.0,1.287388801574707,1.1374692916870117,1.0953803777694702,1.0911375164985657,1.0906042957305908
42,step,0.25,past_state_jacobian,56,8550,8590,40,150,1.7148313522338867,2.2749392046864383,0.8985522389411926,2.500000238418579,1.774996280670166,1.6250767707824707,1.663781499862671,1.643725287914276,1.648048267364502
42,step,0.25,oracle_resync,56,8550,8590,40,150,1.7148313522338867,2.2749392046864383,0.8985522389411926,1.217170238494873,1.7247638702392578,1.5748443603515625,1.538026213645935,1.5353500962257385,1.5355341625213623
42,step,0.25,no_resync,57,8700,8740,40,150,1.727926254272461,2.292311237213295,0.9582419991493225,0.0,1.2862472534179688,1.5128436088562012,1.5281633377075194,1.5268688797950745,1.5299566555023194
42,step,0.25,output_bias_persistent,57,8700,8740,40,150,1.727926254272461,2.292311237213295,0.9582419991493225,2.292311237213295,0.4416790008544922,0.21508264541625977,0.1997629165649414,0.20105737447738647,0.1979695987701416
42,step,0.25,output_bias_decay,57,8700,8740,40,150,1.727926254272461,2.292311237213295,0.9582419991493225,2.292311237213295,0.4563151135986647,0.6829114690368971,0.09179511070251464,0.10316447019577027,0.13578245162963867
42,step,0.25,current_reencode,57,8700,8740,40,150,1.727926254272461,2.292311237213295,0.9582419991493225,0.4186497926712036,1.2832984924316406,1.509894847869873,1.524491286277771,1.5223385691642761,1.525714817047119
42,step,0.25,online_head_update,57,8700,8740,40,150,1.727926254272461,2.292311237213295,0.9582419991493225,0.0,0.8493432998657227,1.075939655303955,1.0947623014450074,1.0946826934814453,1.099345588684082
42,step,0.25,past_state_jacobian,57,8700,8740,40,150,1.727926254272461,2.292311237213295,0.9582419991493225,2.499999761581421,1.3907723426818848,1.6173686981201172,1.611852240562439,1.6278262853622436,1.6324351882934571
42,step,0.25,oracle_resync,57,8700,8740,40,150,1.727926254272461,2.292311237213295,0.9582419991493225,1.6027178764343262,1.3137879371643066,1.540384292602539,1.518700122833252,1.5143665432929994,1.5192892742156983
42,step,0.25,no_resync,58,8850,8890,40,150,1.2862472534179688,1.7063685591641156,0.912563145160675,0.0,,,1.4940112113952637,1.493322765827179,1.4918653869628906
42,step,0.25,output_bias_persistent,58,8850,8890,40,150,1.2862472534179688,1.7063685591641156,0.912563145160675,1.7063685591641156,,,0.2077639579772949,0.2070755124092102,0.20561813354492187
42,step,0.25,output_bias_decay,58,8850,8890,40,150,1.2862472534179688,1.7063685591641156,0.912563145160675,1.7063685591641156,,,0.2938358306884766,0.36805435419082644,0.4016749477386475
42,step,0.25,current_reencode,58,8850,8890,40,150,1.2862472534179688,1.7063685591641156,0.912563145160675,0.4526519179344177,,,1.4909269332885742,1.490430223941803,1.4890005493164062
42,step,0.25,online_head_update,58,8850,8890,40,150,1.2862472534179688,1.7063685591641156,0.912563145160675,0.0,,,1.0280558109283446,1.0288907170295716,1.0272477054595948
42,step,0.25,past_state_jacobian,58,8850,8890,40,150,1.2862472534179688,1.7063685591641156,0.912563145160675,2.5,,,1.722946286201477,1.7400214910507201,1.7352143478393556
42,step,0.25,oracle_resync,58,8850,8890,40,150,1.2862472534179688,1.7063685591641156,0.912563145160675,0.6029568314552307,,,1.4821886777877809,1.4848769545555114,1.4839186477661133
42,ramp,0.25,no_resync,47,7200,7240,40,150,1.1279926300048828,1.4964239213684951,0.9429574608802795,0.0,1.0925869941711426,1.08282470703125,1.0769418954849244,1.0833866238594054,1.0887692451477051
42,ramp,0.25,output_bias_persistent,47,7200,7240,40,150,1.1279926300048828,1.4964239213684951,0.9429574608802795,1.4964239213684951,0.035405635833740234,0.04516792297363281,0.051413559913635255,0.045542681217193605,0.04098258972167969
42,ramp,0.25,output_bias_decay,47,7200,7240,40,150,1.1279926300048828,1.4964239213684951,0.9429574608802795,1.4964239213684951,0.5508061543895728,0.5410438672496802,0.04300975799560547,0.10585594177246094,0.140142822265625
42,ramp,0.25,current_reencode,47,7200,7240,40,150,1.1279926300048828,1.4964239213684951,0.9429574608802795,0.5266152620315552,1.0925698280334473,1.0828075408935547,1.0704549551010132,1.0781037926673889,1.0840604877471924
42,ramp,0.25,online_head_update,47,7200,7240,40,150,1.1279926300048828,1.4964239213684951,0.9429574608802795,0.0,0.6400561332702637,0.6302938461303711,0.6302254676818848,0.6376344561576843,0.6438918209075928
42,ramp,0.25,past_state_jacobian,47,7200,7240,40,150,1.1279926300048828,1.4964239213684951,0.9429574608802795,2.5,1.213216781616211,1.2034544944763184,1.1121188163757325,1.1334269165992736,1.1461022663116456
42,ramp,0.25,oracle_resync,47,7200,7240,40,150,1.1279926300048828,1.4964239213684951,0.9429574608802795,1.8819016218185425,1.1233553886413574,1.1135931015014648,1.069599175453186,1.073300266265869,1.0788835430145263
42,ramp,0.25,no_resync,48,7350,7390,40,150,1.0925869941711426,1.449453897803145,0.7948610186576843,0.0,1.26251220703125,1.1600456237792969,1.051005244255066,1.0568810820579528,1.0632872867584229
42,ramp,0.25,output_bias_persistent,48,7350,7390,40,150,1.0925869941711426,1.449453897803145,0.7948610186576843,1.449453897803145,0.16992521286010742,0.0674586296081543,0.04158174991607666,0.03684855699539184,0.03266669273376465
42,ramp,0.25,output_bias_decay,48,7350,7390,40,150,1.0925869941711426,1.449453897803145,0.7948610186576843,1.449453897803145,0.7377368818290808,0.6352702985771277,0.042882561683654785,0.10671142339706421,0.14177900314331054
42,ramp,0.25,current_reencode,48,7350,7390,40,150,1.0925869941711426,1.449453897803145,0.7948610186576843,0.821759819984436,1.2533817291259766,1.1509151458740234,1.0446590662002564,1.0503847360610963,1.0573006439208985
42,ramp,0.25,online_head_update,48,7350,7390,40,150,1.0925869941711426,1.449453897803145,0.7948610186576843,0.0,0.8214097023010254,0.7189431190490723,0.5650199174880981,0.5724828481674195,0.579317855834961
42,ramp,0.25,past_state_jacobian,48,7350,7390,40,150,1.0925869941711426,1.449453897803145,0.7948610186576843,2.499999761581421,1.2371001243591309,1.1346335411071777,1.1719004154205321,1.189447283744812,1.2086229038238525
42,ramp,0.25,oracle_resync,48,7350,7390,40,150,1.0925869941711426,1.449453897803145,0.7948610186576843,1.061955213546753,1.2389698028564453,1.1365032196044922,1.043267297744751,1.0461151361465455,1.0538099002838135
42,ramp,0.25,no_resync,49,7500,7540,40,150,1.26251220703125,1.6748810385517487,0.9104909300804138,0.0,1.4498257637023926,1.3894448280334473,1.263921308517456,1.284109115600586,1.292274169921875
42,ramp,0.25,output_bias_persistent,49,7500,7540,40,150,1.26251220703125,1.6748810385517487,0.9104909300804138,1.6748810385517487,0.18731355667114258,0.12693262100219727,0.02260589599609375,0.03272302150726318,0.0386628532409668
42,ramp,0.25,output_bias_decay,49,7500,7540,40,150,1.26251220703125,1.6748810385517487,0.9104909300804138,1.6748810385517487,0.8434344579747011,0.7830535223057558,0.08863615989685059,0.18097695112228393,0.22329832077026368
42,ramp,0.25,current_reencode,49,7500,7540,40,150,1.26251220703125,1.6748810385517487,0.9104909300804138,0.7541834712028503,1.4429583549499512,1.3825774192810059,1.2502159595489502,1.2702385783195496,1.2790604972839354
42,ramp,0.25,online_head_update,49,7500,7540,40,150,1.26251220703125,1.6748810385517487,0.9104909300804138,0.0,1.1244697570800781,1.0640888214111328,0.8779017925262451,0.9046106338500977,0.9150563144683838
42,ramp,0.25,past_state_jacobian,49,7500,7540,40,150,1.26251220703125,1.6748810385517487,0.9104909300804138,2.5,1.4288229942321777,1.3684420585632324,1.2276862621307374,1.245063853263855,1.2568853092193604
42,ramp,0.25,oracle_resync,49,7500,7540,40,150,1.26251220703125,1.6748810385517487,0.9104909300804138,2.603945255279541,1.4239158630371094,1.363534927368164,1.2186125278472901,1.2319381594657899,1.2414568710327147
42,ramp,0.25,no_resync,50,7650,7690,40,150,1.4498257637023926,1.9233760016776138,0.8755403757095337,0.0,1.3015809059143066,1.2766947746276855,1.3912130832672118,1.3852324485778809,1.3734836292266845
42,ramp,0.25,output_bias_persistent,50,7650,7690,40,150,1.4498257637023926,1.9233760016776138,0.8755403757095337,1.9233760016776138,0.14824485778808594,0.17313098907470703,0.05861268043518066,0.06459331512451172,0.076342134475708
42,ramp,0.25,output_bias_decay,50,7650,7690,40,150,1.4498257637023926,1.9233760016776138,0.8755403757095337,1.9233760016776138,0.6052219059514803,0.5803357746648592,0.04939494132995605,0.12235281467437745,0.14904404640197755
42,ramp,0.25,current_reencode,50,7650,7690,40,150,1.4498257637023926,1.9233760016776138,0.8755403757095337,0.6828969717025757,1.291081428527832,1.266195297241211,1.3794349908828736,1.373986268043518,1.362374219894409
42,ramp,0.25,online_head_update,50,7650,7690,40,150,1.4498257637023926,1.9233760016776138,0.8755403757095337,0.0,0.980565071105957,0.9556789398193359,1.081929087638855,1.0730325341224671,1.0597977924346924
42,ramp,0.25,past_state_jacobian,50,7650,7690,40,150,1.4498257637023926,1.9233760016776138,0.8755403757095337,2.5,1.2462635040283203,1.2213773727416992,1.3805339813232422,1.3807499885559082,1.3649061393737794
42,ramp,0.25,oracle_resync,50,7650,7690,40,150,1.4498257637023926,1.9233760016776138,0.8755403757095337,3.097352981567383,1.2223529815673828,1.1974668502807617,1.3212680578231812,1.3225503325462342,1.3143257808685302
42,ramp,0.25,no_resync,51,7800,7840,40,150,1.3015809059143066,1.726710575403506,0.9401246309280396,0.0,1.3089818954467773,1.3270673751831055,1.3003797292709351,1.304882252216339,1.3053419303894043
42,ramp,0.25,output_bias_persistent,51,7800,7840,40,150,1.3015809059143066,1.726710575403506,0.9401246309280396,1.726710575403506,0.007400989532470703,0.025486469268798828,0.02066614627838135,0.02379530668258667,0.021757946014404297
42,ramp,0.25,output_bias_decay,51,7800,7840,40,150,1.3015809059143066,1.726710575403506,0.9401246309280396,1.726710575403506,0.6838256865388725,0.7019111662752007,0.08589680194854736,0.16619926691055298,0.20215508460998535
42,ramp,0.25,current_reencode,51,7800,7840,40,150,1.3015809059143066,1.726710575403506,0.9401246309280396,0.522206723690033,1.3054962158203125,1.3235816955566406,1.2971728801727296,1.3014222502708435,1.3018868064880371
42,ramp,0.25,online_head_update,51,7800,7840,40,150,1.3015809059143066,1.726710575403506,0.9401246309280396,0.0,0.9049124717712402,0.9229979515075684,0.8926251173019409,0.8980817794799805,0.8977539443969726
42,ramp,0.25,past_state_jacobian,51,7800,7840,40,150,1.3015809059143066,1.726710575403506,0.9401246309280396,2.5,1.2747840881347656,1.2928695678710938,1.3186495780944825,1.3153734445571899,1.315250234603882
42,ramp,0.25,oracle_resync,51,7800,7840,40,150,1.3015809059143066,1.726710575403506,0.9401246309280396,2.5653507709503174,1.265571117401123,1.2836565971374512,1.2770162582397462,1.2836077570915223,1.285609827041626
42,ramp,0.25,no_resync,52,7950,7990,40,150,1.3089818954467773,1.7365289177255998,0.7755022644996643,0.0,1.2898941040039062,1.3576889038085938,1.357262659072876,1.3583379626274108,1.3629785919189452
42,ramp,0.25,output_bias_persistent,52,7950,7990,40,150,1.3089818954467773,1.7365289177255998,0.7755022644996643,1.7365289177255998,0.019087791442871094,0.048707008361816406,0.048280763626098636,0.04973405599594116,0.054299087524414064
42,ramp,0.25,output_bias_decay,52,7950,7990,40,150,1.3089818954467773,1.7365289177255998,0.7755022644996643,1.7365289177255998,0.6611831605902454,0.7289779603949329,0.13587400913238526,0.21318023204803466,0.2535188579559326
42,ramp,0.25,current_reencode,52,7950,7990,40,150,1.3089818954467773,1.7365289177255998,0.7755022644996643,0.32249653339385986,1.287074089050293,1.3548688888549805,1.3551798820495606,1.3562895774841308,1.3608890247344971
42,ramp,0.25,online_head_update,52,7950,7990,40,150,1.3089818954467773,1.7365289177255998,0.7755022644996643,0.0,0.8988823890686035,0.966677188873291,0.9733392477035523,0.972883141040802,0.9800250625610352
42,ramp,0.25,past_state_jacobian,52,7950,7990,40,150,1.3089818954467773,1.7365289177255998,0.7755022644996643,2.5,1.2474017143249512,1.3151965141296387,1.3720518589019775,1.3647308349609375,1.3693632125854491
42,ramp,0.25,oracle_resync,52,7950,7990,40,150,1.3089818954467773,1.7365289177255998,0.7755022644996643,2.7909514904022217,1.2254176139831543,1.2932124137878418,1.3287254333496095,1.3327991008758544,1.3385011291503905
42,ramp,0.25,no_resync,53,8100,8140,40,150,1.2898941040039062,1.711206564581252,0.7493403553962708,0.0,1.2462148666381836,1.3280315399169922,1.3316543817520141,1.3342604994773866,1.33014084815979
42,ramp,0.25,output_bias_persistent,53,8100,8140,40,150,1.2898941040039062,1.711206564581252,0.7493403553962708,1.711206564581252,0.043679237365722656,0.03813743591308594,0.04176027774810791,0.044680440425872804,0.0407108211517334
42,ramp,0.25,output_bias_decay,53,8100,8140,40,150,1.2898941040039062,1.711206564581252,0.7493403553962708,1.711206564581252,0.6266718906406306,0.7084885639194392,0.12807624340057372,0.20580168962478637,0.23685944557189942
42,ramp,0.25,current_reencode,53,8100,8140,40,150,1.2898941040039062,1.711206564581252,0.7493403553962708,0.46526551246643066,1.2457785606384277,1.3275952339172363,1.327996516227722,1.3316015362739564,1.327560968399048
42,ramp,0.25,online_head_update,53,8100,8140,40,150,1.2898941040039062,1.711206564581252,0.7493403553962708,0.0,0.8267736434936523,0.9085903167724609,0.9229909181594849,0.925395154953003,0.9212604713439941
42,ramp,0.25,past_state_jacobian,53,8100,8140,40,150,1.2898941040039062,1.711206564581252,0.7493403553962708,2.5,1.3760080337524414,1.45782470703125,1.3588038206100463,1.3552428126335143,1.3496799850463868
42,ramp,0.25,oracle_resync,53,8100,8140,40,150,1.2898941040039062,1.711206564581252,0.7493403553962708,1.3008159399032593,1.2768020629882812,1.3586187362670898,1.3118858814239502,1.3172229766845702,1.3119069194793702
42,ramp,0.25,no_resync,54,8250,8290,40,150,1.2462148666381836,1.65326056925953,0.9175663590431213,0.0,1.469050407409668,1.4184746742248535,1.3666175127029419,1.3775308966636657,1.376237382888794
42,ramp,0.25,output_bias_persistent,54,8250,8290,40,150,1.2462148666381836,1.65326056925953,0.9175663590431213,1.65326056925953,0.22283554077148438,0.17225980758666992,0.1204026460647583,0.13131603002548217,0.13002251625061034
42,ramp,0.25,output_bias_decay,54,8250,8290,40,150,1.2462148666381836,1.65326056925953,0.9175663590431213,1.65326056925953,0.8704868006664306,0.8199110674816161,0.20379574298858644,0.28728474378585817,0.3199774360656738
42,ramp,0.25,current_reencode,54,8250,8290,40,150,1.2462148666381836,1.65326056925953,0.9175663590431213,0.613677442073822,1.470384120941162,1.4198083877563477,1.3673613786697387,1.3781503915786744,1.3771786975860596
42,ramp,0.25,online_head_update,54,8250,8290,40,150,1.2462148666381836,1.65326056925953,0.9175663590431213,0.0,0.9941387176513672,0.9435629844665527,0.8900433301925659,0.9017995715141296,0.8994627666473388
42,ramp,0.25,past_state_jacobian,54,8250,8290,40,150,1.2462148666381836,1.65326056925953,0.9175663590431213,2.5,1.536947250366211,1.4863715171813965,1.4886409044265747,1.5076513528823852,1.4958705139160156
42,ramp,0.25,oracle_resync,54,8250,8290,40,150,1.2462148666381836,1.65326056925953,0.9175663590431213,1.8087092638015747,1.4699416160583496,1.4193658828735352,1.3649020195007324,1.3748672008514404,1.3728059196472169
42,ramp,0.25,no_resync,55,8400,8440,40,150,1.469050407409668,1.9488799065419822,0.9793782234191895,0.0,1.646479606628418,1.4781427383422852,1.4348210573196412,1.4343706130981446,1.4333652687072753
42,ramp,0.25,output_bias_persistent,55,8400,8440,40,150,1.469050407409668,1.9488799065419822,0.9793782234191895,1.9488799065419822,0.17742919921875,0.009092330932617188,0.03779070377349854,0.036460471153259275,0.03710968017578125
42,ramp,0.25,output_bias_decay,55,8400,8440,40,150,1.469050407409668,1.9488799065419822,0.9793782234191895,1.9488799065419822,0.9408869083814251,0.7725500400952923,0.08021774291992187,0.15724884271621703,0.19469255447387696
42,ramp,0.25,current_reencode,55,8400,8440,40,150,1.469050407409668,1.9488799065419822,0.9793782234191895,0.63050377368927,1.646268367767334,1.4779314994812012,1.4324092864990234,1.4309107780456543,1.429871597290039
42,ramp,0.25,online_head_update,55,8400,8440,40,150,1.469050407409668,1.9488799065419822,0.9793782234191895,0.0,1.1894721984863281,1.0211353302001953,0.9794249773025513,0.9791616082191468,0.9774636840820312
42,ramp,0.25,past_state_jacobian,55,8400,8440,40,150,1.469050407409668,1.9488799065419822,0.9793782234191895,2.499999761581421,1.687321662902832,1.5189847946166992,1.5072818279266358,1.4821879267692566,1.4795452213287354
42,ramp,0.25,oracle_resync,55,8400,8440,40,150,1.469050407409668,1.9488799065419822,0.9793782234191895,1.0494414567947388,1.6540594100952148,1.485722541809082,1.4251038312911988,1.420157825946808,1.4199090003967285
42,ramp,0.25,no_resync,56,8550,8590,40,150,1.6464800834655762,2.1842626604253783,0.8985522389411926,0.0,1.6641173362731934,1.514197826385498,1.4788738250732423,1.4772213101387024,1.4773962020874023
42,ramp,0.25,output_bias_persistent,56,8550,8590,40,150,1.6464800834655762,2.1842626604253783,0.8985522389411926,2.1842626604253783,0.017637252807617188,0.13228225708007812,0.16760625839233398,0.16925877332687378,0.16908388137817382
42,ramp,0.25,output_bias_decay,56,8550,8590,40,150,1.6464800834655762,2.1842626604253783,0.8985522389411926,2.1842626604253783,0.8733042240459019,0.7233847141582066,0.06858491897583008,0.0998113989830017,0.13228700637817384
42,ramp,0.25,current_reencode,56,8550,8590,40,150,1.6464800834655762,2.1842626604253783,0.8985522389411926,0.8516046404838562,1.6610479354858398,1.5111284255981445,1.4739841938018798,1.4719116806983947,1.4722240447998047
42,ramp,0.25,online_head_update,56,8550,8590,40,150,1.6464800834655762,2.1842626604253783,0.8985522389411926,0.0,1.22355318069458,1.0736336708068848,1.0285364389419556,1.024609923362732,1.0242306995391846
42,ramp,0.25,past_state_jacobian,56,8550,8590,40,150,1.6464800834655762,2.1842626604253783,0.8985522389411926,2.499999761581421,1.7105255126953125,1.5606060028076172,1.5960017442703247,1.5762720704078674,1.5806983184814454
42,ramp,0.25,oracle_resync,56,8550,8590,40,150,1.6464800834655762,2.1842626604253783,0.8985522389411926,1.2740895748138428,1.661027431488037,1.5111079216003418,1.471023941040039,1.4687073826789856,1.4690371417999268
42,ramp,0.25,no_resync,57,8700,8740,40,150,1.6641173362731934,2.2076606918543846,0.9582419991493225,0.0,1.2268462181091309,1.4534425735473633,1.4658276796340943,1.46484032869339,1.4680716133117675
42,ramp,0.25,output_bias_persistent,57,8700,8740,40,150,1.6641173362731934,2.2076606918543846,0.9582419991493225,2.2076606918543846,0.4372711181640625,0.21067476272583008,0.19828965663909912,0.19927700757980346,0.19604572296142578
42,ramp,0.25,output_bias_decay,57,8700,8740,40,150,1.6641173362731934,2.2076606918543846,0.9582419991493225,2.2076606918543846,0.4275618398616796,0.654158195299912,0.09292030334472656,0.09891982078552246,0.12954895973205566
42,ramp,0.25,current_reencode,57,8700,8740,40,150,1.6641173362731934,2.2076606918543846,0.9582419991493225,0.42195233702659607,1.2238249778747559,1.4504213333129883,1.4620529174804688,1.4602004766464234,1.463727445602417
42,ramp,0.25,online_head_update,57,8700,8740,40,150,1.6641173362731934,2.2076606918543846,0.9582419991493225,0.0,0.7899231910705566,1.016519546508789,1.0324088096618653,1.032643187046051,1.0374516010284425
42,ramp,0.25,past_state_jacobian,57,8700,8740,40,150,1.6641173362731934,2.2076606918543846,0.9582419991493225,2.5,1.3301582336425781,1.5567545890808105,1.5486103296279907,1.5648629426956178,1.5696442031860351
42,ramp,0.25,oracle_resync,57,8700,8740,40,150,1.6641173362731934,2.2076606918543846,0.9582419991493225,1.6373822689056396,1.2549099922180176,1.48150634765625,1.4562910795211792,1.4522193908691405,1.457254400253296
42,ramp,0.25,no_resync,58,8850,8890,40,150,1.2268462181091309,1.6275656239092862,0.912563145160675,0.0,,,1.4361935138702393,1.4357883214950562,1.4344858360290527
42,ramp,0.25,output_bias_persistent,58,8850,8890,40,150,1.2268462181091309,1.6275656239092862,0.912563145160675,1.6275656239092862,,,0.2093472957611084,0.20894210338592528,0.2076396179199219
42,ramp,0.25,output_bias_decay,58,8850,8890,40,150,1.2268462181091309,1.6275656239092862,0.912563145160675,1.6275656239092862,,,0.29144423007965087,0.3624866843223572,0.3946422004699707
42,ramp,0.25,current_reencode,58,8850,8890,40,150,1.2268462181091309,1.6275656239092862,0.912563145160675,0.45441004633903503,,,1.4330024719238281,1.4328019618988037,1.4315291786193847
42,ramp,0.25,online_head_update,58,8850,8890,40,150,1.2268462181091309,1.6275656239092862,0.912563145160675,0.0,,,0.970202112197876,0.9713046193122864,0.9698124980926514
42,ramp,0.25,past_state_jacobian,58,8850,8890,40,150,1.2268462181091309,1.6275656239092862,0.912563145160675,2.500000238418579,,,1.6637287378311156,1.6811561346054078,1.6765524578094482
42,ramp,0.25,oracle_resync,58,8850,8890,40,150,1.2268462181091309,1.6275656239092862,0.912563145160675,0.600935697555542,,,1.424376368522644,1.427288866043091,1.4264778900146484
42,random_walk,0.25,no_resync,47,7200,7240,40,150,1.127964973449707,1.4963872314738569,0.9429574608802795,0.0,1.0866198539733887,1.076857566833496,1.0762790441513062,1.0824268341064454,1.0876094532012939
42,random_walk,0.25,output_bias_persistent,47,7200,7240,40,150,1.127964973449707,1.4963872314738569,0.9429574608802795,1.4963872314738569,0.04134511947631836,0.05110740661621094,0.05197117328643799,0.04626355171203613,0.041779947280883786
42,random_walk,0.25,output_bias_decay,47,7200,7240,40,150,1.127964973449707,1.4963872314738569,0.9429574608802795,1.4963872314738569,0.5448522977818797,0.5350900106419871,0.042714929580688475,0.10509146451950073,0.1391433620452881
42,random_walk,0.25,current_reencode,47,7200,7240,40,150,1.127964973449707,1.4963872314738569,0.9429574608802795,0.5272943377494812,1.0866127014160156,1.076850414276123,1.069800615310669,1.0771574020385741,1.0829143810272217
42,random_walk,0.25,online_head_update,47,7200,7240,40,150,1.127964973449707,1.4963872314738569,0.9429574608802795,0.0,0.6338834762573242,0.6241211891174316,0.629516863822937,0.6366463661193847,0.642693109512329
42,random_walk,0.25,past_state_jacobian,47,7200,7240,40,150,1.127964973449707,1.4963872314738569,0.9429574608802795,2.5,1.2082619667053223,1.1984996795654297,1.111623215675354,1.132720959186554,1.1455217361450196
42,random_walk,0.25,oracle_resync,47,7200,7240,40,150,1.127964973449707,1.4963872314738569,0.9429574608802795,1.8812819719314575,1.117692470550537,1.1079301834106445,1.0689584493637085,1.0723515510559083,1.0777400588989259
42,random_walk,0.25,no_resync,48,7350,7390,40,150,1.0866198539733887,1.4415377367427313,0.7948610186576843,0.0,1.2374191284179688,1.1349525451660156,1.0399284362792969,1.0445528507232666,1.050230588912964
42,random_walk,0.25,output_bias_persistent,48,7350,7390,40,150,1.0866198539733887,1.4415377367427313,0.7948610186576843,1.4415377367427313,0.15079927444458008,0.04833269119262695,0.0466914176940918,0.04250328540802002,0.03765103340148926
42,random_walk,0.25,output_bias_decay,48,7350,7390,40,150,1.0866198539733887,1.4415377367427313,0.7948610186576843,1.4415377367427313,0.7155098522851269,0.6130432690331737,0.04045441150665283,0.10114394426345825,0.13501222610473632
42,random_walk,0.25,current_reencode,48,7350,7390,40,150,1.0866198539733887,1.4415377367427313,0.7948610186576843,0.8260694742202759,1.2281970977783203,1.1257305145263672,1.0336821317672729,1.0381502628326416,1.0443433952331542
42,random_walk,0.25,online_head_update,48,7350,7390,40,150,1.0866198539733887,1.4415377367427313,0.7948610186576843,0.0,0.7941875457763672,0.6917209625244141,0.5535206079483033,0.5597375750541687,0.5658462715148925
42,random_walk,0.25,past_state_jacobian,48,7350,7390,40,150,1.0866198539733887,1.4415377367427313,0.7948610186576843,2.5,1.2137069702148438,1.1112403869628906,1.1606673002243042,1.1766721963882447,1.1952037811279297
42,random_walk,0.25,oracle_resync,48,7350,7390,40,150,1.0866198539733887,1.4415377367427313,0.7948610186576843,1.0991008281707764,1.2135553359985352,1.111088752746582,1.0323579072952271,1.0338271260261536,1.0408050060272216
42,random_walk,0.25,no_resync,49,7500,7540,40,150,1.2374191284179688,1.6415919175957618,0.9104909300804138,0.0,1.3961448669433594,1.335763931274414,1.228703546524048,1.2473356604576111,1.254655179977417
42,random_walk,0.25,output_bias_persistent,49,7500,7540,40,150,1.2374191284179688,1.6415919175957618,0.9104909300804138,1.6415919175957618,0.15872573852539062,0.09834480285644531,0.02285003662109375,0.027737224102020265,0.031492605209350585
42,random_walk,0.25,output_bias_decay,49,7500,7540,40,150,1.2374191284179688,1.6415919175957618,0.9104909300804138,1.6415919175957618,0.8018058998942896,0.7414249642253443,0.07848525047302246,0.16698254346847535,0.20760877609252928
42,random_walk,0.25,current_reencode,49,7500,7540,40,150,1.2374191284179688,1.6415919175957618,0.9104909300804138,0.7113379836082458,1.3898200988769531,1.3294391632080078,1.215199613571167,1.234000277519226,1.241974811553955
42,random_walk,0.25,online_head_update,49,7500,7540,40,150,1.2374191284179688,1.6415919175957618,0.9104909300804138,0.0,1.0547099113464355,0.9943289756774902,0.8360315561294556,0.8604079604148864,0.8697223281860351
42,random_walk,0.25,past_state_jacobian,49,7500,7540,40,150,1.2374191284179688,1.6415919175957618,0.9104909300804138,2.5,1.3778376579284668,1.3174567222595215,1.1983673095703125,1.2134700775146485,1.2237642192840577
42,random_walk,0.25,oracle_resync,49,7500,7540,40,150,1.2374191284179688,1.6415919175957618,0.9104909300804138,2.577451705932617,1.3756418228149414,1.315260887145996,1.1872751712799072,1.199620258808136,1.2078430080413818
42,random_walk,0.25,no_resync,50,7650,7690,40,150,1.3961448669433594,1.8521615487690144,0.8755403757095337,0.0,1.2338924407958984,1.2090063095092773,1.3268578052520752,1.323331892490387,1.3123421573638916
42,random_walk,0.25,output_bias_persistent,50,7650,7690,40,150,1.3961448669433594,1.8521615487690144,0.8755403757095337,1.8521615487690144,0.16225242614746094,0.18713855743408203,0.06928706169128418,0.07281297445297241,0.08380270957946777
42,random_walk,0.25,output_bias_decay,50,7650,7690,40,150,1.3961448669433594,1.8521615487690144,0.8755403757095337,1.8521615487690144,0.5633166601136903,0.5384305288270692,0.044631004333496094,0.1121660590171814,0.13720216751098632
42,random_walk,0.25,current_reencode,50,7650,7690,40,150,1.3961448669433594,1.8521615487690144,0.8755403757095337,0.5985794067382812,1.2247257232666016,1.1998395919799805,1.3188712835311889,1.3155359864234923,1.3044319534301758
42,random_walk,0.25,online_head_update,50,7650,7690,40,150,1.3961448669433594,1.8521615487690144,0.8755403757095337,0.0,0.8957028388977051,0.870816707611084,0.9983940601348877,0.9932404279708862,0.9810647964477539
42,random_walk,0.25,past_state_jacobian,50,7650,7690,40,150,1.3961448669433594,1.8521615487690144,0.8755403757095337,2.500000238418579,1.1824884414672852,1.157602310180664,1.3326743602752686,1.3307576537132264,1.31451473236084
42,random_walk,0.25,oracle_resync,50,7650,7690,40,150,1.3961448669433594,1.8521615487690144,0.8755403757095337,3.068146228790283,1.1566658020019531,1.131779670715332,1.270220112800598,1.270929718017578,1.2625301837921143
42,random_walk,0.25,no_resync,51,7800,7840,40,150,1.2338924407958984,1.636913323444985,0.9401246309280396,0.0,1.2079386711120605,1.2260241508483887,1.2231455087661742,1.2257494926452637,1.2246980667114258
42,random_walk,0.25,output_bias_persistent,51,7800,7840,40,150,1.2338924407958984,1.636913323444985,0.9401246309280396,1.636913323444985,0.02595376968383789,0.007868289947509766,0.02452394962310791,0.026683282852172852,0.025436038970947265
42,random_walk,0.25,output_bias_decay,51,7800,7840,40,150,1.2338924407958984,1.636913323444985,0.9401246309280396,1.636913323444985,0.6152935908231587,0.6333790705594868,0.07182159423828124,0.1462835431098938,0.17888227462768555
42,random_walk,0.25,current_reencode,51,7800,7840,40,150,1.2338924407958984,1.636913323444985,0.9401246309280396,0.48597854375839233,1.2049412727355957,1.2230267524719238,1.2209076642990113,1.2231577515602112,1.2220587825775147
42,random_walk,0.25,online_head_update,51,7800,7840,40,150,1.2338924407958984,1.636913323444985,0.9401246309280396,0.0,0.7982120513916016,0.8162975311279297,0.8093771696090698,0.8133326411247254,0.811453857421875
42,random_walk,0.25,past_state_jacobian,51,7800,7840,40,150,1.2338924407958984,1.636913323444985,0.9401246309280396,2.5,1.1747031211853027,1.1927886009216309,1.2450060844421387,1.2390792727470399,1.2366712760925294
42,random_walk,0.25,oracle_resync,51,7800,7840,40,150,1.2338924407958984,1.636913323444985,0.9401246309280396,2.569807767868042,1.1654958724975586,1.1835813522338867,1.2009733200073243,1.205271065235138,1.205440683364868
42,random_walk,0.25,no_resync,52,7950,7990,40,150,1.2079386711120605,1.6024823876644778,0.7755022644996643,0.0,1.160712718963623,1.2285075187683105,1.2471185684204102,1.2460788249969483,1.249170446395874
42,random_walk,0.25,output_bias_persistent,52,7950,7990,40,150,1.2079386711120605,1.6024823876644778,0.7755022644996643,1.6024823876644778,0.0472259521484375,0.02056884765625,0.04004998207092285,0.040366506576538085,0.04301285743713379
42,random_walk,0.25,output_bias_decay,52,7950,7990,40,150,1.2079386711120605,1.6024823876644778,0.7755022644996643,1.6024823876644778,0.5805333718371326,0.6483281716418201,0.12001161575317383,0.18931841850280762,0.22535240173339843
42,random_walk,0.25,current_reencode,52,7950,7990,40,150,1.2079386711120605,1.6024823876644778,0.7755022644996643,0.3260200023651123,1.1575603485107422,1.2253551483154297,1.2446631908416748,1.2437124371528625,1.2467708110809326
42,random_walk,0.25,online_head_update,52,7950,7990,40,150,1.2079386711120605,1.6024823876644778,0.7755022644996643,0.0,0.7631902694702148,0.8309850692749023,0.8583682537078857,0.8557503342628479,0.8608911800384521
42,random_walk,0.25,past_state_jacobian,52,7950,7990,40,150,1.2079386711120605,1.6024823876644778,0.7755022644996643,2.499999761581421,1.1193571090698242,1.1871519088745117,1.2688899517059327,1.2585953235626222,1.260687494277954
42,random_walk,0.25,oracle_resync,52,7950,7990,40,150,1.2079386711120605,1.6024823876644778,0.7755022644996643,2.7393298149108887,1.0982756614685059,1.1660704612731934,1.2194257736206056,1.2217458963394165,1.22577974319458
42,random_walk,0.25,no_resync,53,8100,8140,40,150,1.160712718963623,1.5398312296475856,0.7493403553962708,0.0,1.0837221145629883,1.1655387878417969,1.1935987949371338,1.1941982746124267,1.1886944675445557
42,random_walk,0.25,output_bias_persistent,53,8100,8140,40,150,1.160712718963623,1.5398312296475856,0.7493403553962708,1.5398312296475856,0.07699060440063477,0.004826068878173828,0.032886075973510745,0.035389375686645505,0.03157937049865723
42,random_walk,0.25,output_bias_decay,53,8100,8140,40,150,1.160712718963623,1.5398312296475856,0.7493403553962708,1.5398312296475856,0.5262256426024052,0.6080423158812138,0.11055753231048585,0.1787532687187195,0.2049039077758789
42,random_walk,0.25,current_reencode,53,8100,8140,40,150,1.160712718963623,1.5398312296475856,0.7493403553962708,0.4561128318309784,1.0832176208496094,1.165034294128418,1.1899187326431275,1.191491389274597,1.1860367965698242
42,random_walk,0.25,online_head_update,53,8100,8140,40,150,1.160712718963623,1.5398312296475856,0.7493403553962708,0.0,0.6602187156677246,0.7420353889465332,0.7806793928146363,0.7817493438720703,0.7762816715240478
42,random_walk,0.25,past_state_jacobian,53,8100,8140,40,150,1.160712718963623,1.5398312296475856,0.7493403553962708,2.5,1.2060589790344238,1.2878756523132324,1.2206432819366455,1.2158913969993592,1.208843936920166
42,random_walk,0.25,oracle_resync,53,8100,8140,40,150,1.160712718963623,1.5398312296475856,0.7493403553962708,1.2532283067703247,1.11041259765625,1.1922292709350586,1.1748624324798584,1.1779805898666382,1.1712013244628907
42,random_walk,0.25,no_resync,54,8250,8290,40,150,1.0837221145629883,1.4376935214027813,0.9175663590431213,0.0,1.2788100242614746,1.2282342910766602,1.1940320491790772,1.202826702594757,1.2007324695587158
42,random_walk,0.25,output_bias_persistent,54,8250,8290,40,150,1.0837221145629883,1.4376935214027813,0.9175663590431213,1.4376935214027813,0.19508790969848633,0.14451217651367188,0.11030993461608887,0.1191045880317688,0.11701035499572754
42,random_walk,0.25,output_bias_decay,54,8250,8290,40,150,1.0837221145629883,1.4376935214027813,0.9175663590431213,1.4376935214027813,0.7582925477286242,0.7077168145438097,0.1828294277191162,0.25473661422729493,0.28219717025756835
42,random_walk,0.25,current_reencode,54,8250,8290,40,150,1.0837221145629883,1.4376935214027813,0.9175663590431213,0.5950676202774048,1.2796239852905273,1.229048252105713,1.1945373296737671,1.2032546639442443,1.201373233795166
42,random_walk,0.25,online_head_update,54,8250,8290,40,150,1.0837221145629883,1.4376935214027813,0.9175663590431213,0.0,0.803192138671875,0.7526164054870605,0.716484522819519,0.7261405229568482,0.7230918598175049
42,random_walk,0.25,past_state_jacobian,54,8250,8290,40,150,1.0837221145629883,1.4376935214027813,0.9175663590431213,2.500000238418579,1.3433837890625,1.2928080558776855,1.3076973915100099,1.3289167165756226,1.3154985046386718
42,random_walk,0.25,oracle_resync,54,8250,8290,40,150,1.0837221145629883,1.4376935214027813,0.9175663590431213,2.0282421112060547,1.284595012664795,1.2340192794799805,1.1913114070892334,1.1986624240875243,1.195794277191162
42,random_walk,0.25,no_resync,55,8400,8440,40,150,1.2788100242614746,1.6965021404283578,0.9793782234191895,0.0,1.4320926666259766,1.2637557983398438,1.2367377758026123,1.2347352147102355,1.232909173965454
42,random_walk,0.25,output_bias_persistent,55,8400,8440,40,150,1.2788100242614746,1.6965021404283578,0.9793782234191895,1.6965021404283578,0.15328264236450195,0.01505422592163086,0.04342441558837891,0.044750893115997316,0.04644171714782715
42,random_walk,0.25,output_bias_decay,55,8400,8440,40,150,1.2788100242614746,1.6965021404283578,0.9793782234191895,1.6965021404283578,0.8178734328864152,0.6495365646002824,0.06496253013610839,0.12670353651046753,0.15760658264160157
42,random_walk,0.25,current_reencode,55,8400,8440,40,150,1.2788100242614746,1.6965021404283578,0.9793782234191895,0.6615571975708008,1.4315857887268066,1.2632489204406738,1.2334566116333008,1.230251955986023,1.2284045028686523
42,random_walk,0.25,online_head_update,55,8400,8440,40,150,1.2788100242614746,1.6965021404283578,0.9793782234191895,0.0,0.9750652313232422,0.8067283630371094,0.7816943168640137,0.7797953248023987,0.7772813892364502
42,random_walk,0.25,past_state_jacobian,55,8400,8440,40,150,1.2788100242614746,1.6965021404283578,0.9793782234191895,2.500000238418579,1.4711580276489258,1.302821159362793,1.3004413843154907,1.2758439421653747,1.2728550624847412
42,random_walk,0.25,oracle_resync,55,8400,8440,40,150,1.2788100242614746,1.6965021404283578,0.9793782234191895,1.0481724739074707,1.439387321472168,1.2710504531860352,1.2258396863937377,1.2196482062339782,1.218533067703247
42,random_walk,0.25,no_resync,56,8550,8590,40,150,1.4320926666259766,1.8998508207861537,0.8985522389411926,0.0,1.4288725852966309,1.2789530754089355,1.2575725078582765,1.2546926736831665,1.254166965484619
42,random_walk,0.25,output_bias_persistent,56,8550,8590,40,150,1.4320926666259766,1.8998508207861537,0.8985522389411926,1.8998508207861537,0.003220081329345703,0.15313959121704102,0.1745201587677002,0.17739999294281006,0.17792570114135742
42,random_walk,0.25,output_bias_decay,56,8550,8590,40,150,1.4320926666259766,1.8998508207861537,0.8985522389411926,1.8998508207861537,0.7410308858643475,0.5911113759766522,0.07982907295227051,0.08109089136123657,0.10376880645751953
42,random_walk,0.25,current_reencode,56,8550,8590,40,150,1.4320926666259766,1.8998508207861537,0.8985522389411926,0.8794570565223694,1.4250555038452148,1.2751359939575195,1.2518790721893311,1.2485557556152345,1.2481736660003662
42,random_walk,0.25,online_head_update,56,8550,8590,40,150,1.4320926666259766,1.8998508207861537,0.8985522389411926,0.0,0.9884567260742188,0.8385372161865234,0.8072038650512695,0.8021175146102906,0.8010326671600342
42,random_walk,0.25,past_state_jacobian,56,8550,8590,40,150,1.4320926666259766,1.8998508207861537,0.8985522389411926,2.5,1.4683966636657715,1.3184771537780762,1.3678199529647828,1.3478154420852662,1.3508945560455323
42,random_walk,0.25,oracle_resync,56,8550,8590,40,150,1.4320926666259766,1.8998508207861537,0.8985522389411926,1.609739065170288,1.4252939224243164,1.275374412536621,1.2484965324401855,1.2451798915863037,1.24471981048584
42,random_walk,0.25,no_resync,57,8700,8740,40,150,1.4288725852966309,1.89557897839835,0.9582419991493225,0.0,0.9758439064025879,1.2024402618408203,1.2257993936538696,1.223677659034729,1.2263605213165283
42,random_walk,0.25,output_bias_persistent,57,8700,8740,40,150,1.4288725852966309,1.89557897839835,0.9582419991493225,1.89557897839835,0.45302867889404297,0.22643232345581055,0.20307319164276122,0.20519492626190186,0.20251206398010255
42,random_walk,0.25,output_bias_decay,57,8700,8740,40,150,1.4288725852966309,1.89557897839835,0.9582419991493225,1.89557897839835,0.2895488291027295,0.5161451845409619,0.10846366882324218,0.0822668194770813,0.10219073295593262
42,random_walk,0.25,current_reencode,57,8700,8740,40,150,1.4288725852966309,1.89557897839835,0.9582419991493225,0.4549137055873871,0.9722580909729004,1.1988544464111328,1.2211722373962401,1.2181200981140137,1.2211733913421632
42,random_walk,0.25,online_head_update,57,8700,8740,40,150,1.4288725852966309,1.89557897839835,0.9582419991493225,0.0,0.538851261138916,0.7654476165771484,0.7925238847732544,0.7917803645133972,0.7961971473693847
42,random_walk,0.25,past_state_jacobian,57,8700,8740,40,150,1.4288725852966309,1.89557897839835,0.9582419991493225,2.5,1.072706699371338,1.2993030548095703,1.3035017013549806,1.3183455348014832,1.323423843383789
42,random_walk,0.25,oracle_resync,57,8700,8740,40,150,1.4288725852966309,1.89557897839835,0.9582419991493225,1.842746376991272,1.006476879119873,1.2330732345581055,1.2158160209655762,1.2103871822357177,1.2146588706970214
42,random_walk,0.25,no_resync,58,8850,8890,40,150,0.9758439064025879,1.2945795266908704,0.912563145160675,0.0,,,1.1801092147827148,1.178603708744049,1.176722297668457
42,random_walk,0.25,output_bias_persistent,58,8850,8890,40,150,0.9758439064025879,1.2945795266908704,0.912563145160675,1.2945795266908704,,,0.20426530838012696,0.20275980234146118,0.20087839126586915
42,random_walk,0.25,output_bias_decay,58,8850,8890,40,150,0.9758439064025879,1.2945795266908704,0.912563145160675,1.2945795266908704,,,0.2695659399032593,0.3248904705047607,0.3496218490600586
42,random_walk,0.25,current_reencode,58,8850,8890,40,150,0.9758439064025879,1.2945795266908704,0.912563145160675,0.47042232751846313,,,1.1760970592498778,1.1748769760131836,1.1730486488342284
42,random_walk,0.25,online_head_update,58,8850,8890,40,150,0.9758439064025879,1.2945795266908704,0.912563145160675,0.0,,,0.730903172492981,0.7308086633682251,0.7287143325805664
42,random_walk,0.25,past_state_jacobian,58,8850,8890,40,150,0.9758439064025879,1.2945795266908704,0.912563145160675,2.499999761581421,,,1.3987073659896851,1.4152075052261353,1.4105582809448243
42,random_walk,0.25,oracle_resync,58,8850,8890,40,150,0.9758439064025879,1.2945795266908704,0.912563145160675,0.5892556309700012,,,1.1685455322265625,1.16996511220932,1.168560905456543
43,none,0.0,no_resync,47,7200,7240,40,150,0.9430952072143555,1.1843976860453618,0.6472395658493042,0.0,0.861790657043457,0.7935433387756348,0.8181732416152954,0.8145797610282898,0.8107283401489258
43,none,0.0,output_bias_persistent,47,7200,7240,40,150,0.9430952072143555,1.1843976860453618,0.6472395658493042,1.1843976860453618,0.08130455017089844,0.1495518684387207,0.12492196559906006,0.12851544618606567,0.1323668670654297
43,none,0.0,output_bias_decay,47,7200,7240,40,150,0.9430952072143555,1.1843976860453618,0.6472395658493042,1.1843976860453618,0.40881702958601895,0.3405697113181967,0.06269168853759766,0.0543519377708435,0.06325312614440919
43,none,0.0,current_reencode,47,7200,7240,40,150,0.9430952072143555,1.1843976860453618,0.6472395658493042,0.4818281829357147,0.8612384796142578,0.7929911613464355,0.8201011896133423,0.8167364478111268,0.812696123123169
43,none,0.0,online_head_update,47,7200,7240,40,150,0.9430952072143555,1.1843976860453618,0.6472395658493042,0.0,0.5627822875976562,0.494534969329834,0.5240285634994507,0.5214756011962891,0.5178134059906006
43,none,0.0,past_state_jacobian,47,7200,7240,40,150,0.9430952072143555,1.1843976860453618,0.6472395658493042,2.5,0.8413147926330566,0.7730674743652344,0.8381501913070679,0.8276672959327698,0.8210891628265381
43,none,0.0,oracle_resync,47,7200,7240,40,150,0.9430952072143555,1.1843976860453618,0.6472395658493042,0.8740711212158203,0.8529214859008789,0.7846741676330566,0.8161406993865967,0.8107967972755432,0.80619234085083
43,none,0.0,no_resync,48,7350,7390,40,150,0.861790657043457,1.0822903692540848,0.8600974082946777,0.0,0.6215434074401855,0.7886137962341309,0.8074108600616455,0.8063989877700806,0.8071966171264648
43,none,0.0,output_bias_persistent,48,7350,7390,40,150,0.861790657043457,1.0822903692540848,0.8600974082946777,1.0822903692540848,0.24024724960327148,0.07317686080932617,0.05437979698181152,0.055391669273376465,0.05459403991699219
43,none,0.0,output_bias_decay,48,7350,7390,40,150,0.861790657043457,1.0822903692540848,0.8600974082946777,1.0822903692540848,0.20762078643255144,0.37469117522649675,0.029482030868530275,0.06556144952774048,0.08724212646484375
43,none,0.0,current_reencode,48,7350,7390,40,150,0.861790657043457,1.0822903692540848,0.8600974082946777,0.6219670176506042,0.6214056015014648,0.7884759902954102,0.8098276138305665,0.808923876285553,0.8098313140869141
43,none,0.0,online_head_update,48,7350,7390,40,150,0.861790657043457,1.0822903692540848,0.8600974082946777,0.0,0.30933427810668945,0.47640466690063477,0.5064533948898315,0.5061834573745727,0.5076954555511475
43,none,0.0,past_state_jacobian,48,7350,7390,40,150,0.861790657043457,1.0822903692540848,0.8600974082946777,2.5,0.62713623046875,0.7942066192626953,0.8256170511245727,0.82302827835083,0.8216680812835694
43,none,0.0,oracle_resync,48,7350,7390,40,150,0.861790657043457,1.0822903692540848,0.8600974082946777,0.8000816702842712,0.6211676597595215,0.7882380485534668,0.8051129102706909,0.8041362762451172,0.8045893669128418
43,none,0.0,no_resync,49,7500,7540,40,150,0.6215434074401855,0.7805729134424338,0.8934592008590698,0.0,0.5736680030822754,0.799593448638916,0.8115429162979126,0.8040774822235107,0.8022628498077392
43,none,0.0,output_bias_persistent,49,7500,7540,40,150,0.6215434074401855,0.7805729134424338,0.8934592008590698,0.7805729134424338,0.047875404357910156,0.17805004119873047,0.18999950885772704,0.1825340747833252,0.18071944236755372
43,none,0.0,output_bias_decay,49,7500,7540,40,150,0.6215434074401855,0.7805729134424338,0.8934592008590698,0.7805729134424338,0.2751374096313368,0.5010628551879774,0.23159139156341552,0.2603226900100708,0.27545851707458496
43,none,0.0,current_reencode,49,7500,7540,40,150,0.6215434074401855,0.7805729134424338,0.8934592008590698,0.8835650086402893,0.5676236152648926,0.7935490608215332,0.8177617073059082,0.8069096684455872,0.8038829612731934
43,none,0.0,online_head_update,49,7500,7540,40,150,0.6215434074401855,0.7805729134424338,0.8934592008590698,0.0,0.34897375106811523,0.5748991966247559,0.5942208290100097,0.5849023580551147,0.5827583789825439
43,none,0.0,past_state_jacobian,49,7500,7540,40,150,0.6215434074401855,0.7805729134424338,0.8934592008590698,2.5,0.5554280281066895,0.7813534736633301,0.8345799207687378,0.8213354349136353,0.8158887100219726
43,none,0.0,oracle_resync,49,7500,7540,40,150,0.6215434074401855,0.7805729134424338,0.8934592008590698,1.1889585256576538,0.5513358116149902,0.7772612571716309,0.8170297145843506,0.8023848056793212,0.797198076248169
43,none,0.0,no_resync,50,7650,7690,40,150,0.5736680030822754,0.7204479995352988,1.0,0.0,0.906613826751709,0.8695859909057617,0.8251401901245117,0.8331427216529846,0.8376440048217774
43,none,0.0,output_bias_persistent,50,7650,7690,40,150,0.5736680030822754,0.7204479995352988,1.0,0.7204479995352988,0.3329458236694336,0.29591798782348633,0.25147218704223634,0.25947471857070925,0.263976001739502
43,none,0.0,output_bias_decay,50,7650,7690,40,150,0.5736680030822754,0.7204479995352988,1.0,0.7204479995352988,0.6310780438056929,0.5940502079597456,0.2898603677749634,0.33127150535583494,0.3514176177978516
43,none,0.0,current_reencode,50,7650,7690,40,150,0.5736680030822754,0.7204479995352988,1.0,0.6770321130752563,0.9065823554992676,0.8695545196533203,0.8246164560317993,0.8335341930389404,0.8384053039550782
43,none,0.0,online_head_update,50,7650,7690,40,150,0.5736680030822754,0.7204479995352988,1.0,0.0,0.7063946723937988,0.6693668365478516,0.6228176116943359,0.6312840223312378,0.6360508346557617
43,none,0.0,past_state_jacobian,50,7650,7690,40,150,0.5736680030822754,0.7204479995352988,1.0,2.5,0.8647480010986328,0.8277201652526855,0.8505448818206787,0.854697322845459,0.8579587650299072
43,none,0.0,oracle_resync,50,7650,7690,40,150,0.5736680030822754,0.7204479995352988,1.0,0.6421047449111938,0.8921122550964355,0.8550844192504883,0.8187684297561646,0.8287516951560974,0.8341218662261963
43,none,0.0,no_resync,51,7800,7840,40,150,0.906613826751709,1.1385820968310714,0.9515250325202942,0.0,0.7415833473205566,0.8051056861877441,0.8525469064712524,0.8517057776451111,0.8519689273834229
43,none,0.0,output_bias_persistent,51,7800,7840,40,150,0.906613826751709,1.1385820968310714,0.9515250325202942,1.1385820968310714,0.16503047943115234,0.10150814056396484,0.054066920280456544,0.0549080491065979,0.054644899368286134
43,none,0.0,output_bias_decay,51,7800,7840,40,150,0.906613826751709,1.1385820968310714,0.9515250325202942,1.1385820968310714,0.3061319202904018,0.3696542591575893,0.029199552536010743,0.06985746622085572,0.09258553504943848
43,none,0.0,current_reencode,51,7800,7840,40,150,0.906613826751709,1.1385820968310714,0.9515250325202942,0.6781713366508484,0.734565258026123,0.7980875968933105,0.853069543838501,0.8536617875099182,0.8538337802886963
43,none,0.0,online_head_update,51,7800,7840,40,150,0.906613826751709,1.1385820968310714,0.9515250325202942,0.0,0.4308180809020996,0.4943404197692871,0.5418168783187867,0.5437298059463501,0.544618330001831
43,none,0.0,past_state_jacobian,51,7800,7840,40,150,0.906613826751709,1.1385820968310714,0.9515250325202942,2.5,0.7302250862121582,0.7937474250793457,0.8788719177246094,0.8720654487609864,0.8685582065582276
43,none,0.0,oracle_resync,51,7800,7840,40,150,0.906613826751709,1.1385820968310714,0.9515250325202942,0.8736780285835266,0.7223944664001465,0.785916805267334,0.8508787393569947,0.8498648762702942,0.84911376953125
43,none,0.0,no_resync,52,7950,7990,40,150,0.7415833473205566,0.9313265446132272,0.8734592795372009,0.0,1.0772790908813477,0.7697749137878418,0.8248263359069824,0.8203238248825073,0.8188295173645019
43,none,0.0,output_bias_persistent,52,7950,7990,40,150,0.7415833473205566,0.9313265446132272,0.8734592795372009,0.9313265446132272,0.335695743560791,0.028191566467285156,0.08324298858642579,0.07874047756195068,0.07724617004394531
43,none,0.0,output_bias_decay,52,7950,7990,40,150,0.7415833473205566,0.9313265446132272,0.8734592795372009,0.9313265446132272,0.721092677963366,0.4135885008698601,0.13286759853363037,0.17155253887176514,0.1902823543548584
43,none,0.0,current_reencode,52,7950,7990,40,150,0.7415833473205566,0.9313265446132272,0.8734592795372009,1.0830645561218262,1.0595979690551758,0.7520937919616699,0.8238313436508179,0.8175019145011901,0.8152941608428955
43,none,0.0,online_head_update,52,7950,7990,40,150,0.7415833473205566,0.9313265446132272,0.8734592795372009,0.0,0.8077960014343262,0.5002918243408203,0.5659326791763306,0.5595427036285401,0.5577763080596924
43,none,0.0,past_state_jacobian,52,7950,7990,40,150,0.7415833473205566,0.9313265446132272,0.8734592795372009,2.500000238418579,1.1127753257751465,0.8052711486816406,0.8445857048034668,0.8347584724426269,0.8294170570373535
43,none,0.0,oracle_resync,52,7950,7990,40,150,0.7415833473205566,0.9313265446132272,0.8734592795372009,1.1921987533569336,1.0386667251586914,0.7311625480651855,0.8199875593185425,0.8126432538032532,0.8092387390136718
43,none,0.0,no_resync,53,8100,8140,40,150,1.0772790908813477,1.3529141625410834,0.9057446122169495,0.0,0.7202253341674805,0.7955207824707031,0.7908780574798584,0.7947463274002076,0.7952839756011962
43,none,0.0,output_bias_persistent,53,8100,8140,40,150,1.0772790908813477,1.3529141625410834,0.9057446122169495,1.3529141625410834,0.3570537567138672,0.28175830841064453,0.28640103340148926,0.28253276348114015,0.28199511528015136
43,none,0.0,output_bias_decay,53,8100,8140,40,150,1.0772790908813477,1.3529141625410834,0.9057446122169495,1.3529141625410834,0.20280247606396973,0.2780979243671924,0.21431264877319336,0.14770708084106446,0.12246326446533203
43,none,0.0,current_reencode,53,8100,8140,40,150,1.0772790908813477,1.3529141625410834,0.9057446122169495,1.1104130744934082,0.7130389213562012,0.7883343696594238,0.7886666297912598,0.7940883636474609,0.7948307991027832
43,none,0.0,online_head_update,53,8100,8140,40,150,1.0772790908813477,1.3529141625410834,0.9057446122169495,0.0,0.384246826171875,0.45954227447509766,0.4526714563369751,0.4555740714073181,0.45563128471374514
43,none,0.0,past_state_jacobian,53,8100,8140,40,150,1.0772790908813477,1.3529141625410834,0.9057446122169495,2.5,1.0801267623901367,1.1554222106933594,0.811332893371582,0.8136330246925354,0.8158650112152099
43,none,0.0,oracle_resync,53,8100,8140,40,150,1.0772790908813477,1.3529141625410834,0.9057446122169495,0.7671360969543457,0.7063913345336914,0.7816867828369141,0.7843504190444947,0.790089237689972,0.7912995243072509
43,none,0.0,no_resync,54,8250,8290,40,150,0.7202253341674805,0.9045038217709084,0.8218955397605896,0.0,0.6584687232971191,0.8326349258422852,0.8121472358703613,0.8139758586883545,0.8132943153381348
43,none,0.0,output_bias_persistent,54,8250,8290,40,150,0.7202253341674805,0.9045038217709084,0.8218955397605896,0.9045038217709084,0.06175661087036133,0.11240959167480469,0.09192190170288086,0.09375052452087403,0.09306898117065429
43,none,0.0,output_bias_decay,54,8250,8290,40,150,0.7202253341674805,0.9045038217709084,0.8218955397605896,0.9045038217709084,0.3125406773173065,0.4867068798624725,0.14011728763580322,0.18388954401016236,0.2028496742248535
43,none,0.0,current_reencode,54,8250,8290,40,150,0.7202253341674805,0.9045038217709084,0.8218955397605896,1.0085903406143188,0.6546621322631836,0.8288283348083496,0.8130503177642823,0.8153339624404907,0.8141305160522461
43,none,0.0,online_head_update,54,8250,8290,40,150,0.7202253341674805,0.9045038217709084,0.8218955397605896,0.0,0.4026908874511719,0.5768570899963379,0.5617888689041137,0.5621139287948609,0.5606681156158447
43,none,0.0,past_state_jacobian,54,8250,8290,40,150,0.7202253341674805,0.9045038217709084,0.8218955397605896,2.5,0.6348199844360352,0.8089861869812012,0.8521801233291626,0.8471765518188477,0.8443522357940674
43,none,0.0,oracle_resync,54,8250,8290,40,150,0.7202253341674805,0.9045038217709084,0.8218955397605896,0.43244805932044983,0.6461482048034668,0.8203144073486328,0.811129879951477,0.8133669853210449,0.8120989227294921
43,none,0.0,no_resync,55,8400,8440,40,150,0.6584687232971191,0.8269460243679206,0.943030595779419,0.0,0.8924651145935059,0.8728408813476562,0.850101113319397,0.8536368012428284,0.8526501655578613
43,none,0.0,output_bias_persistent,55,8400,8440,40,150,0.6584687232971191,0.8269460243679206,0.943030595779419,0.8269460243679206,0.23399639129638672,0.2143721580505371,0.19163239002227783,0.19516807794570923,0.1941814422607422
43,none,0.0,output_bias_decay,55,8400,8440,40,150,0.6584687232971191,0.8269460243679206,0.943030595779419,0.8269460243679206,0.5761990961920676,0.5565748629462179,0.2356951951980591,0.2775780439376831,0.29454885482788085
43,none,0.0,current_reencode,55,8400,8440,40,150,0.6584687232971191,0.8269460243679206,0.943030595779419,0.5088558793067932,0.8957118988037109,0.8760876655578613,0.8511267185211182,0.8558631181716919,0.8545594501495362
43,none,0.0,online_head_update,55,8400,8440,40,150,0.6584687232971191,0.8269460243679206,0.943030595779419,0.0,0.6668257713317871,0.6472015380859375,0.619105315208435,0.6252724766731262,0.6231931972503663
43,none,0.0,past_state_jacobian,55,8400,8440,40,150,0.6584687232971191,0.8269460243679206,0.943030595779419,2.5,0.9415316581726074,0.9219074249267578,0.8773359060287476,0.8722543716430664,0.8707038879394531
43,none,0.0,oracle_resync,55,8400,8440,40,150,0.6584687232971191,0.8269460243679206,0.943030595779419,0.8386564254760742,0.9014692306518555,0.8818449974060059,0.8458383560180665,0.8496060252189637,0.8490577220916748
43,none,0.0,no_resync,56,8550,8590,40,150,0.8924651145935059,1.1208132630881926,0.9068917036056519,0.0,0.7888450622558594,0.8373770713806152,0.8837153434753418,0.8775552272796631,0.8763768291473388
43,none,0.0,output_bias_persistent,56,8550,8590,40,150,0.8924651145935059,1.1208132630881926,0.9068917036056519,1.1208132630881926,0.10362005233764648,0.055088043212890625,0.020474958419799804,0.02199831008911133,0.021759023666381837
43,none,0.0,output_bias_decay,56,8550,8590,40,150,0.8924651145935059,1.1208132630881926,0.9068917036056519,1.1208132630881926,0.3601893366788831,0.40872134580363895,0.05111172199249268,0.09685580730438233,0.12000228881835938
43,none,0.0,current_reencode,56,8550,8590,40,150,0.8924651145935059,1.1208132630881926,0.9068917036056519,0.45702648162841797,0.7854723930358887,0.8340044021606445,0.8864176511764527,0.8796912789344787,0.8783534622192383
43,none,0.0,online_head_update,56,8550,8590,40,150,0.8924651145935059,1.1208132630881926,0.9068917036056519,0.0,0.48408079147338867,0.5326128005981445,0.5853396415710449,0.5796902775764465,0.5777091121673584
43,none,0.0,past_state_jacobian,56,8550,8590,40,150,0.8924651145935059,1.1208132630881926,0.9068917036056519,2.5,0.787726879119873,0.8362588882446289,0.91252601146698,0.8997875213623047,0.8975730514526368
43,none,0.0,oracle_resync,56,8550,8590,40,150,0.8924651145935059,1.1208132630881926,0.9068917036056519,0.5175384879112244,0.7822222709655762,0.830754280090332,0.8827616930007934,0.8759518623352051,0.8749518394470215
43,none,0.0,no_resync,57,8700,8740,40,150,0.7888455390930176,0.9906813479719212,0.9328032732009888,0.0,0.8328332901000977,0.8268942832946777,0.8360302686691284,0.837401294708252,0.8373169803619385
43,none,0.0,output_bias_persistent,57,8700,8740,40,150,0.7888455390930176,0.9906813479719212,0.9328032732009888,0.9906813479719212,0.04398775100708008,0.038048744201660156,0.04718472957611084,0.048555755615234376,0.048471441268920896
43,none,0.0,output_bias_decay,57,8700,8740,40,150,0.7888455390930176,0.9906813479719212,0.9328032732009888,0.9906813479719212,0.45394659593268116,0.44800758912726124,0.09997193813323975,0.14728283882141113,0.168711576461792
43,none,0.0,current_reencode,57,8700,8740,40,150,0.7888455390930176,0.9906813479719212,0.9328032732009888,0.7460315227508545,0.8287625312805176,0.8228235244750977,0.8356266021728516,0.8362626194953918,0.8363701057434082
43,none,0.0,online_head_update,57,8700,8740,40,150,0.7888455390930176,0.9906813479719212,0.9328032732009888,0.0,0.5497865676879883,0.5438475608825684,0.5542691469192504,0.5565293073654175,0.5570709037780762
43,none,0.0,past_state_jacobian,57,8700,8740,40,150,0.7888455390930176,0.9906813479719212,0.9328032732009888,2.5,1.0515570640563965,1.0456180572509766,0.8612266778945923,0.857054615020752,0.8531921291351319
43,none,0.0,oracle_resync,57,8700,8740,40,150,0.7888455390930176,0.9906813479719212,0.9328032732009888,0.8350654244422913,0.8244824409484863,0.8185434341430664,0.8333169460296631,0.8328842639923095,0.8322344017028809
43,none,0.0,no_resync,58,8850,8890,40,150,0.8328332901000977,1.045923904723971,0.9806102514266968,0.0,,,0.8041509866714478,0.8081563949584961,0.8098398208618164
43,none,0.0,output_bias_persistent,58,8850,8890,40,150,0.8328332901000977,1.045923904723971,0.9806102514266968,1.045923904723971,,,0.03390481472015381,0.030401086807250975,0.029484958648681642
43,none,0.0,output_bias_decay,58,8850,8890,40,150,0.8328332901000977,1.045923904723971,0.9806102514266968,1.045923904723971,,,0.03832540512084961,0.08519389629364013,0.1084622859954834
43,none,0.0,current_reencode,58,8850,8890,40,150,0.8328332901000977,1.045923904723971,0.9806102514266968,0.8515705466270447,,,0.8038465261459351,0.8085067272186279,0.8103797435760498
43,none,0.0,online_head_update,58,8850,8890,40,150,0.8328332901000977,1.045923904723971,0.9806102514266968,0.0,,,0.5113191127777099,0.5160953044891358,0.5175752449035644
43,none,0.0,past_state_jacobian,58,8850,8890,40,150,0.8328332901000977,1.045923904723971,0.9806102514266968,2.499999761581421,,,0.8326479196548462,0.8314172625541687,0.832671422958374
43,none,0.0,oracle_resync,58,8850,8890,40,150,0.8328332901000977,1.045923904723971,0.9806102514266968,0.48806294798851013,,,0.8013735294342041,0.8057741641998291,0.807975492477417
43,step,0.25,no_resync,47,7200,7240,40,150,0.9317989349365234,1.1702111239205035,0.6472395658493042,0.0,0.9071216583251953,0.838874340057373,0.8313900709152222,0.8305038809776306,0.8281755542755127
43,step,0.25,output_bias_persistent,47,7200,7240,40,150,0.9317989349365234,1.1702111239205035,0.6472395658493042,1.1702111239205035,0.024677276611328125,0.09292459487915039,0.10040886402130127,0.10129505395889282,0.10362338066101075
43,step,0.25,output_bias_decay,47,7200,7240,40,150,0.9317989349365234,1.1702111239205035,0.6472395658493042,1.1702111239205035,0.459573690325354,0.39132637205753174,0.04440879821777344,0.057559752464294435,0.07219572067260742
43,step,0.25,current_reencode,47,7200,7240,40,150,0.9317989349365234,1.1702111239205035,0.6472395658493042,0.4962572455406189,0.9065394401550293,0.838292121887207,0.8330706834793091,0.832421350479126,0.8299128723144531
43,step,0.25,online_head_update,47,7200,7240,40,150,0.9317989349365234,1.1702111239205035,0.6472395658493042,0.0,0.6014208793640137,0.5331735610961914,0.5307311773300171,0.5313766479492188,0.5294145107269287
43,step,0.25,past_state_jacobian,47,7200,7240,40,150,0.9317989349365234,1.1702111239205035,0.6472395658493042,2.5,0.8887100219726562,0.820462703704834,0.8519635677337647,0.8435299396514893,0.8382926654815673
43,step,0.25,oracle_resync,47,7200,7240,40,150,0.9317989349365234,1.1702111239205035,0.6472395658493042,0.8605713844299316,0.9002270698547363,0.8319797515869141,0.8294140577316285,0.826763916015625,0.8237395000457763
43,step,0.25,no_resync,48,7350,7390,40,150,0.9071216583251953,1.1392198633428052,0.8600974082946777,0.0,0.7126560211181641,0.8797264099121094,0.8644700527191163,0.8666264414787292,0.8687115478515625
43,step,0.25,output_bias_persistent,48,7350,7390,40,150,0.9071216583251953,1.1392198633428052,0.8600974082946777,1.1392198633428052,0.19446563720703125,0.027395248413085938,0.0426516056060791,0.04097424745559693,0.0387933349609375
43,step,0.25,output_bias_decay,48,7350,7390,40,150,0.9071216583251953,1.1392198633428052,0.8600974082946777,1.1392198633428052,0.27696067989120277,0.4440310686851481,0.035410499572753905,0.0817146897315979,0.10680238723754883
43,step,0.25,current_reencode,48,7350,7390,40,150,0.9071216583251953,1.1392198633428052,0.8600974082946777,0.6512473225593567,0.7119245529174805,0.8789949417114258,0.8668795108795166,0.8690563678741455,0.87118558883667
43,step,0.25,online_head_update,48,7350,7390,40,150,0.9071216583251953,1.1392198633428052,0.8600974082946777,0.0,0.3882603645324707,0.555330753326416,0.5517386674880982,0.5548750877380371,0.5575638389587403
43,step,0.25,past_state_jacobian,48,7350,7390,40,150,0.9071216583251953,1.1392198633428052,0.8600974082946777,2.5,0.7073240280151367,0.874394416809082,0.8840718507766724,0.8838371872901917,0.883221092224121
43,step,0.25,oracle_resync,48,7350,7390,40,150,0.9071216583251953,1.1392198633428052,0.8600974082946777,0.7835830450057983,0.7121472358703613,0.8792176246643066,0.8626171112060547,0.8646812200546264,0.8664312744140625
43,step,0.25,no_resync,49,7500,7540,40,150,0.7126560211181641,0.8949978071162017,0.8934592008590698,0.0,0.6952905654907227,0.9212160110473633,0.9154488563537597,0.910259747505188,0.909594087600708
43,step,0.25,output_bias_persistent,49,7500,7540,40,150,0.7126560211181641,0.8949978071162017,0.8934592008590698,0.8949978071162017,0.017365455627441406,0.20855998992919922,0.20279283523559571,0.19760372638702392,0.19693806648254394
43,step,0.25,output_bias_decay,49,7500,7540,40,150,0.7126560211181641,0.8949978071162017,0.8934592008590698,0.8949978071162017,0.3529981006941041,0.5789235462507447,0.2504816770553589,0.2867953896522522,0.30556496620178225
43,step,0.25,current_reencode,49,7500,7540,40,150,0.7126560211181641,0.8949978071162017,0.8934592008590698,0.9239870309829712,0.6892657279968262,0.9151911735534668,0.9214556217193604,0.9127567887306214,0.9109232521057129
43,step,0.25,online_head_update,49,7500,7540,40,150,0.7126560211181641,0.8949978071162017,0.8934592008590698,0.0,0.4374213218688965,0.6633467674255371,0.6648191452026367,0.6571891665458679,0.6559619235992432
43,step,0.25,past_state_jacobian,49,7500,7540,40,150,0.7126560211181641,0.8949978071162017,0.8934592008590698,2.500000238418579,0.6754970550537109,0.9014225006103516,0.9400637149810791,0.92968248128891,0.9261744022369385
43,step,0.25,oracle_resync,49,7500,7540,40,150,0.7126560211181641,0.8949978071162017,0.8934592008590698,1.0760096311569214,0.6754946708679199,0.9014201164245605,0.92018723487854,0.908783495426178,0.9056699371337891
43,step,0.25,no_resync,50,7650,7690,40,150,0.6952905654907227,0.8731891866238805,1.0,0.0,1.0464668273925781,1.0094389915466309,0.9520337581634521,0.9609260439872742,0.9661909103393554
43,step,0.25,output_bias_persistent,50,7650,7690,40,150,0.6952905654907227,0.8731891866238805,1.0,0.8731891866238805,0.35117626190185547,0.3141484260559082,0.2567431926727295,0.2656354784965515,0.2709003448486328
43,step,0.25,output_bias_decay,50,7650,7690,40,150,0.6952905654907227,0.8731891866238805,1.0,0.8731891866238805,0.7125150829896594,0.6754872471437121,0.3032700538635254,0.35265382528305056,0.37688034057617187
43,step,0.25,current_reencode,50,7650,7690,40,150,0.6952905654907227,0.8731891866238805,1.0,0.6932591199874878,1.045140266418457,1.0081124305725098,0.9507482051849365,0.9605474710464478,0.9662629985809326
43,step,0.25,online_head_update,50,7650,7690,40,150,0.6952905654907227,0.8731891866238805,1.0,0.0,0.8023786544799805,0.7653508186340332,0.7064815759658813,0.7156150698661804,0.721219539642334
43,step,0.25,past_state_jacobian,50,7650,7690,40,150,0.6952905654907227,0.8731891866238805,1.0,2.500000238418579,0.9999122619628906,0.9628844261169434,0.9792747974395752,0.9845466375350952,0.9884042739868164
43,step,0.25,oracle_resync,50,7650,7690,40,150,0.6952905654907227,0.8731891866238805,1.0,0.6920824646949768,1.0327553749084473,0.9957275390625,0.9458607912063599,0.9565964937210083,0.9627730941772461
43,step,0.25,no_resync,51,7800,7840,40,150,1.0464668273925781,1.3142182034282046,0.9515250325202942,0.0,0.9037055969238281,0.9672279357910156,0.9970573425292969,0.9966018319129943,0.9976375484466553
43,step,0.25,output_bias_persistent,51,7800,7840,40,150,1.0464668273925781,1.3142182034282046,0.9515250325202942,1.3142182034282046,0.14276123046875,0.0792388916015625,0.04940948486328125,0.04986499547958374,0.04882927894592285
43,step,0.25,output_bias_decay,51,7800,7840,40,150,1.0464668273925781,1.3142182034282046,0.9515250325202942,1.3142182034282046,0.4010820323125488,0.4646043711797363,0.035718226432800294,0.08865500688552856,0.11671936988830567
43,step,0.25,current_reencode,51,7800,7840,40,150,1.0464668273925781,1.3142182034282046,0.9515250325202942,0.7743521928787231,0.8939781188964844,0.9575004577636719,0.9966662168502808,0.9975767970085144,0.9984361171722412
43,step,0.25,online_head_update,51,7800,7840,40,150,1.0464668273925781,1.3142182034282046,0.9515250325202942,0.0,0.5824451446533203,0.6459674835205078,0.6741688251495361,0.6761132597923278,0.6780260372161865
43,step,0.25,past_state_jacobian,51,7800,7840,40,150,1.0464668273925781,1.3142182034282046,0.9515250325202942,2.5,0.8836607933044434,0.9471831321716309,1.0263995409011841,1.0212642550468445,1.0191107273101807
43,step,0.25,oracle_resync,51,7800,7840,40,150,1.0464668273925781,1.3142182034282046,0.9515250325202942,0.6408370137214661,0.8889985084533691,0.9525208473205566,0.9952296018600464,0.9951264262199402,0.9954635047912598
43,step,0.25,no_resync,52,7950,7990,40,150,0.9037055969238281,1.1349297607230295,0.8734592795372009,0.0,1.2927613258361816,0.9852571487426758,0.9998152494430542,1.0002698302268982,1.0008229541778564
43,step,0.25,output_bias_persistent,52,7950,7990,40,150,0.9037055969238281,1.1349297607230295,0.8734592795372009,1.1349297607230295,0.3890557289123535,0.08155155181884766,0.09610965251922607,0.09656423330307007,0.09711735725402831
43,step,0.25,output_bias_decay,52,7950,7990,40,150,0.9037055969238281,1.1349297607230295,0.8734592795372009,1.1349297607230295,0.858706737009145,0.5512025599156392,0.15658302307128907,0.20966653823852538,0.23486512184143066
43,step,0.25,current_reencode,52,7950,7990,40,150,0.9037055969238281,1.1349297607230295,0.8734592795372009,1.2729216814041138,1.2716631889343262,0.9641590118408203,0.9962321758270264,0.9947646498680115,0.9945357704162597
43,step,0.25,online_head_update,52,7950,7990,40,150,0.9037055969238281,1.1349297607230295,0.8734592795372009,0.0,0.9789032936096191,0.6713991165161133,0.6957444667816162,0.6947333693504334,0.6949794006347656
43,step,0.25,past_state_jacobian,52,7950,7990,40,150,0.9037055969238281,1.1349297607230295,0.8734592795372009,2.499999761581421,1.2655863761901855,0.9580821990966797,1.0255794763565063,1.0205734610557555,1.0181673622131349
43,step,0.25,oracle_resync,52,7950,7990,40,150,0.9037055969238281,1.1349297607230295,0.8734592795372009,1.2705672979354858,1.250399112701416,0.9428949356079102,0.9948045015335083,0.9916816353797913,0.9902423000335694
43,step,0.25,no_resync,53,8100,8140,40,150,1.2927608489990234,1.623529572042951,0.9057446122169495,0.0,0.9703230857849121,1.0456185340881348,1.0204922914505006,1.0278498768806457,1.029836893081665
43,step,0.25,output_bias_persistent,53,8100,8140,40,150,1.2927608489990234,1.623529572042951,0.9057446122169495,1.623529572042951,0.32243776321411133,0.24714231491088867,0.27226855754852297,0.26491097211837766,0.2629239559173584
43,step,0.25,output_bias_decay,53,8100,8140,40,150,1.2927608489990234,1.623529572042951,0.9057446122169495,1.623529572042951,0.3494031969693312,0.42469864527255385,0.1857607126235962,0.11718319654464722,0.11036580085754394
43,step,0.25,current_reencode,53,8100,8140,40,150,1.2927608489990234,1.623529572042951,0.9057446122169495,1.3967434167861938,0.9591474533081055,1.0344429016113281,1.0144308090209961,1.0236879467964173,1.0261684131622315
43,step,0.25,online_head_update,53,8100,8140,40,150,1.2927608489990234,1.623529572042951,0.9057446122169495,0.0,0.6394672393798828,0.7147626876831055,0.6886953830718994,0.6949663519859314,0.6962981510162354
43,step,0.25,past_state_jacobian,53,8100,8140,40,150,1.2927608489990234,1.623529572042951,0.9057446122169495,2.499999761581421,1.0015549659729004,1.076850414276123,1.0470633029937744,1.0504266619682312,1.0530483627319336
43,step,0.25,oracle_resync,53,8100,8140,40,150,1.2927608489990234,1.623529572042951,0.9057446122169495,0.8457610607147217,0.9551358222961426,1.0304312705993652,1.0121755599975586,1.0214126110076904,1.0243476104736329
43,step,0.25,no_resync,54,8250,8290,40,150,0.9703230857849121,1.2185921513848104,0.8218955397605896,0.0,0.9236507415771484,1.0978169441223145,1.068151879310608,1.0707499146461488,1.070745677947998
43,step,0.25,output_bias_persistent,54,8250,8290,40,150,0.9703230857849121,1.2185921513848104,0.8218955397605896,1.2185921513848104,0.04667234420776367,0.12749385833740234,0.0978287935256958,0.10042682886123658,0.10042259216308594
43,step,0.25,output_bias_decay,54,8250,8290,40,150,0.9703230857849121,1.2185921513848104,0.8218955397605896,1.2185921513848104,0.4575994197048434,0.6317656222500094,0.16275997161865235,0.22186654806137085,0.24832452774047853
43,step,0.25,current_reencode,54,8250,8290,40,150,0.9703230857849121,1.2185921513848104,0.8218955397605896,1.1599923372268677,0.9167647361755371,1.0909309387207031,1.0673117160797119,1.0707928895950318,1.0702510356903077
43,step,0.25,online_head_update,54,8250,8290,40,150,0.9703230857849121,1.2185921513848104,0.8218955397605896,0.0,0.6008820533752441,0.7750482559204102,0.7514652252197266,0.7522307753562927,0.751380844116211
43,step,0.25,past_state_jacobian,54,8250,8290,40,150,0.9703230857849121,1.2185921513848104,0.8218955397605896,2.499999761581421,0.9184775352478027,1.0926437377929688,1.117671012878418,1.1129354119300843,1.1113029861450194
43,step,0.25,oracle_resync,54,8250,8290,40,150,0.9703230857849121,1.2185921513848104,0.8218955397605896,0.34397920966148376,0.9166460037231445,1.0908122062683105,1.0670943975448608,1.0700398206710815,1.0696826648712159
43,step,0.25,no_resync,55,8400,8440,40,150,0.9236507415771484,1.1599781153265998,0.943030595779419,0.0,1.1609091758728027,1.1412849426269531,1.1112175703048706,1.114777147769928,1.114118480682373
43,step,0.25,output_bias_persistent,55,8400,8440,40,150,0.9236507415771484,1.1599781153265998,0.943030595779419,1.1599781153265998,0.2372584342956543,0.2176342010498047,0.18756682872772218,0.19112640619277954,0.1904677391052246
43,step,0.25,output_bias_decay,55,8400,8440,40,150,0.9236507415771484,1.1599781153265998,0.943030595779419,1.1599781153265998,0.7172748283377741,0.6976505950919245,0.2493748426437378,0.3067249059677124,0.3312556266784668
43,step,0.25,current_reencode,55,8400,8440,40,150,0.9236507415771484,1.1599781153265998,0.943030595779419,0.6974130868911743,1.1635627746582031,1.1439385414123535,1.110153317451477,1.1155075073242187,1.1144743537902833
43,step,0.25,online_head_update,55,8400,8440,40,150,0.9236507415771484,1.1599781153265998,0.943030595779419,0.0,0.8562040328979492,0.8365797996520996,0.7976126194000244,0.8049200892448425,0.80324875831604
43,step,0.25,past_state_jacobian,55,8400,8440,40,150,0.9236507415771484,1.1599781153265998,0.943030595779419,2.499999761581421,1.1663241386413574,1.1466999053955078,1.1491880893707276,1.1443527460098266,1.1421386051177977
43,step,0.25,oracle_resync,55,8400,8440,40,150,0.9236507415771484,1.1599781153265998,0.943030595779419,0.5826869606971741,1.1646790504455566,1.145054817199707,1.1077556133270263,1.1123305678367614,1.1115333461761474
43,step,0.25,no_resync,56,8550,8590,40,150,1.1609091758728027,1.4579420307668447,0.9068917036056519,0.0,1.0832018852233887,1.1317338943481445,1.1557589769363403,1.150579023361206,1.1497722244262696
43,step,0.25,output_bias_persistent,56,8550,8590,40,150,1.1609091758728027,1.4579420307668447,0.9068917036056519,1.4579420307668447,0.07770729064941406,0.029175281524658203,0.01680777072906494,0.01760239601135254,0.017027111053466798
43,step,0.25,output_bias_decay,56,8550,8590,40,150,1.1609091758728027,1.4579420307668447,0.9068917036056519,1.4579420307668447,0.5256110539678911,0.574143063092647,0.07253444194793701,0.13496214151382446,0.1658151626586914
43,step,0.25,current_reencode,56,8550,8590,40,150,1.1609091758728027,1.4579420307668447,0.9068917036056519,0.7096123695373535,1.07603120803833,1.124563217163086,1.1577317237854003,1.1515937566757202,1.1506350326538086
43,step,0.25,online_head_update,56,8550,8590,40,150,1.1609091758728027,1.4579420307668447,0.9068917036056519,0.0,0.7723531723022461,0.820885181427002,0.8475414752960205,0.8429968357086182,0.8415508556365967
43,step,0.25,past_state_jacobian,56,8550,8590,40,150,1.1609091758728027,1.4579420307668447,0.9068917036056519,2.5,1.0840449333190918,1.1325769424438477,1.194269609451294,1.1831181287765502,1.1809120178222656
43,step,0.25,oracle_resync,56,8550,8590,40,150,1.1609091758728027,1.4579420307668447,0.9068917036056519,0.3444550633430481,1.076749324798584,1.1252813339233398,1.1561033010482789,1.1501056909561158,1.1493255138397216
43,step,0.25,no_resync,57,8700,8740,40,150,1.0832018852233887,1.3603523764774643,0.9328032732009888,0.0,1.1697192192077637,1.1637802124023438,1.1426137208938598,1.146420419216156,1.1477792263031006
43,step,0.25,output_bias_persistent,57,8700,8740,40,150,1.0832018852233887,1.3603523764774643,0.9328032732009888,1.3603523764774643,0.086517333984375,0.08057832717895508,0.05941183567047119,0.06321853399276733,0.06457734107971191
43,step,0.25,output_bias_decay,57,8700,8740,40,150,1.0832018852233887,1.3603523764774643,0.9328032732009888,1.3603523764774643,0.6494516115845057,0.6435126047790858,0.1318964958190918,0.19878545999526978,0.22968487739562987
43,step,0.25,current_reencode,57,8700,8740,40,150,1.0832018852233887,1.3603523764774643,0.9328032732009888,1.0769646167755127,1.1603755950927734,1.1544365882873535,1.1378054857254027,1.1406315326690675,1.1421333408355714
43,step,0.25,online_head_update,57,8700,8740,40,150,1.0832018852233887,1.3603523764774643,0.9328032732009888,0.0,0.8466372489929199,0.8406982421875,0.8206480503082275,0.824857497215271,0.8269070243835449
43,step,0.25,past_state_jacobian,57,8700,8740,40,150,1.0832018852233887,1.3603523764774643,0.9328032732009888,2.5,1.1688060760498047,1.1628670692443848,1.1765679121017456,1.177632784843445,1.1753343486785888
43,step,0.25,oracle_resync,57,8700,8740,40,150,1.0832018852233887,1.3603523764774643,0.9328032732009888,0.8377476930618286,1.1574478149414062,1.1515088081359863,1.1371336221694945,1.1396263122558594,1.140764513015747
43,step,0.25,no_resync,58,8850,8890,40,150,1.1697192192077637,1.469006231772285,0.9806102514266968,0.0,,,1.1562129497528075,1.1632399559020996,1.166310796737671
43,step,0.25,output_bias_persistent,58,8850,8890,40,150,1.1697192192077637,1.469006231772285,0.9806102514266968,1.469006231772285,,,0.02137026786804199,0.018525409698486327,0.018867788314819337
43,step,0.25,output_bias_decay,58,8850,8890,40,150,1.1697192192077637,1.469006231772285,0.9806102514266968,1.469006231772285,,,0.06889560222625732,0.14197953939437866,0.17653767585754396
43,step,0.25,current_reencode,58,8850,8890,40,150,1.1697192192077637,1.469006231772285,0.9806102514266968,1.1462870836257935,,,1.1517105579376221,1.159866213798523,1.1633019065856933
43,step,0.25,online_head_update,58,8850,8890,40,150,1.1697192192077637,1.469006231772285,0.9806102514266968,0.0,,,0.8346751689910888,0.8425373554229736,0.8452891254425049
43,step,0.25,past_state_jacobian,58,8850,8890,40,150,1.1697192192077637,1.469006231772285,0.9806102514266968,2.5,,,1.1956523418426515,1.1978761672973632,1.1996213912963867
43,step,0.25,oracle_resync,58,8850,8890,40,150,1.1697192192077637,1.469006231772285,0.9806102514266968,0.6566377282142639,,,1.1512003183364867,1.159142804145813,1.162722578048706
43,ramp,0.25,no_resync,47,7200,7240,40,150,0.9430952072143555,1.1843976860453618,0.6472395658493042,0.0,0.868098258972168,0.7998509407043457,0.8186660051345825,0.815369188785553,0.8117149353027344
43,ramp,0.25,output_bias_persistent,47,7200,7240,40,150,0.9430952072143555,1.1843976860453618,0.6472395658493042,1.1843976860453618,0.0749969482421875,0.14324426651000977,0.12442920207977295,0.1277260184288025,0.1313802719116211
43,ramp,0.25,output_bias_decay,47,7200,7240,40,150,0.9430952072143555,1.1843976860453618,0.6472395658493042,1.1843976860453618,0.4151246315147299,0.3468773132469076,0.06226263046264648,0.054617130756378175,0.06382033348083496
43,ramp,0.25,current_reencode,47,7200,7240,40,150,0.9430952072143555,1.1843976860453618,0.6472395658493042,0.48317062854766846,0.8675642013549805,0.7993168830871582,0.8205604314804077,0.8174996972084045,0.8136602973937989
43,ramp,0.25,online_head_update,47,7200,7240,40,150,0.9430952072143555,1.1843976860453618,0.6472395658493042,0.0,0.5690402984619141,0.5007929801940918,0.5244498491287232,0.5222040891647339,0.5187470245361329
43,ramp,0.25,past_state_jacobian,47,7200,7240,40,150,0.9430952072143555,1.1843976860453618,0.6472395658493042,2.5,0.8484978675842285,0.7802505493164062,0.8388274908065796,0.8285926938056946,0.8221963500976562
43,ramp,0.25,oracle_resync,47,7200,7240,40,150,0.9430952072143555,1.1843976860453618,0.6472395658493042,0.8710734844207764,0.8596878051757812,0.791440486907959,0.8166800022125245,0.8116254210472107,0.8072248172760009
43,ramp,0.25,no_resync,48,7350,7390,40,150,0.868098258972168,1.0902118485190755,0.8600974082946777,0.0,0.6477656364440918,0.8148360252380371,0.8176068067550659,0.8176973104476929,0.8190167713165283
43,ramp,0.25,output_bias_persistent,48,7350,7390,40,150,0.868098258972168,1.0902118485190755,0.8600974082946777,1.0902118485190755,0.22033262252807617,0.05326223373413086,0.05049145221710205,0.050400948524475096,0.04908148765563965
43,ramp,0.25,output_bias_decay,48,7350,7390,40,150,0.868098258972168,1.0902118485190755,0.8600974082946777,1.0902118485190755,0.2308134407929341,0.3978838295868794,0.030654191970825195,0.06977245807647706,0.09246079444885254
43,ramp,0.25,current_reencode,48,7350,7390,40,150,0.868098258972168,1.0902118485190755,0.8600974082946777,0.6232824325561523,0.6473269462585449,0.8143973350524902,0.8200186967849732,0.8201770663261414,0.821584587097168
43,ramp,0.25,online_head_update,48,7350,7390,40,150,0.868098258972168,1.0902118485190755,0.8600974082946777,0.0,0.33364391326904297,0.5007143020629883,0.5149294614791871,0.5157820224761963,0.5177791023254394
43,ramp,0.25,past_state_jacobian,48,7350,7390,40,150,0.868098258972168,1.0902118485190755,0.8600974082946777,2.5,0.6489739418029785,0.8160443305969238,0.8363614559173584,0.834638798236847,0.8335902595520019
43,ramp,0.25,oracle_resync,48,7350,7390,40,150,0.868098258972168,1.0902118485190755,0.8600974082946777,0.7928024530410767,0.647252082824707,0.8143224716186523,0.8154623985290528,0.8155524492263794,0.8165254020690917
43,ramp,0.25,no_resync,49,7500,7540,40,150,0.6477656364440918,0.8135044214361109,0.8934592008590698,0.0,0.6253528594970703,0.8512783050537109,0.8468266487121582,0.8411295175552368,0.8402799701690674
43,ramp,0.25,output_bias_persistent,49,7500,7540,40,150,0.6477656364440918,0.8135044214361109,0.8934592008590698,0.8135044214361109,0.022412776947021484,0.20351266860961914,0.1990610122680664,0.19336388111114503,0.1925143337249756
43,ramp,0.25,output_bias_decay,49,7500,7540,40,150,0.6477656364440918,0.8135044214361109,0.8934592008590698,0.8135044214361109,0.31422759044916493,0.5401530360058056,0.24240758419036865,0.2744342803955078,0.29125031471252444
43,ramp,0.25,current_reencode,49,7500,7540,40,150,0.6477656364440918,0.8135044214361109,0.8934592008590698,0.8806471228599548,0.6198973655700684,0.845822811126709,0.8528450727462769,0.8437897562980652,0.8418116474151611
43,ramp,0.25,online_head_update,49,7500,7540,40,150,0.6477656364440918,0.8135044214361109,0.8934592008590698,0.0,0.3920426368713379,0.6179680824279785,0.6201471805572509,0.6123073935508728,0.61099214553833
43,ramp,0.25,past_state_jacobian,49,7500,7540,40,150,0.6477656364440918,0.8135044214361109,0.8934592008590698,2.5,0.608191967010498,0.8341174125671387,0.8705293893814087,0.8594359636306763,0.8555093383789063
43,ramp,0.25,oracle_resync,49,7500,7540,40,150,0.6477656364440918,0.8135044214361109,0.8934592008590698,1.1137241125106812,0.6054911613464355,0.8314166069030762,0.8515949726104737,0.8395829439163208,0.8361300563812256
43,ramp,0.25,no_resync,50,7650,7690,40,150,0.6253528594970703,0.78535706054313,1.0,0.0,0.980341911315918,0.9433140754699707,0.8837095260620117,0.8928845524787903,0.8982889652252197
43,ramp,0.25,output_bias_persistent,50,7650,7690,40,150,0.6253528594970703,0.78535706054313,1.0,0.78535706054313,0.35498905181884766,0.3179612159729004,0.2583566665649414,0.26753169298171997,0.2729361057281494
43,ramp,0.25,output_bias_decay,50,7650,7690,40,150,0.6253528594970703,0.78535706054313,1.0,0.78535706054313,0.6799816178478109,0.6429537820018636,0.30020344257354736,0.345797061920166,0.36825583457946776
43,ramp,0.25,current_reencode,50,7650,7690,40,150,0.6253528594970703,0.78535706054313,1.0,0.6549893021583557,0.9793210029602051,0.9422931671142578,0.8827247858047486,0.8927458763122559,0.8985643959045411
43,ramp,0.25,online_head_update,50,7650,7690,40,150,0.6253528594970703,0.78535706054313,1.0,0.0,0.7621269226074219,0.7250990867614746,0.6641357421875,0.6735439658164978,0.6792616271972656
43,ramp,0.25,past_state_jacobian,50,7650,7690,40,150,0.6253528594970703,0.78535706054313,1.0,2.5,0.9303536415100098,0.8933258056640625,0.9097177743911743,0.9152932167053223,0.9193453311920166
43,ramp,0.25,oracle_resync,50,7650,7690,40,150,0.6253528594970703,0.78535706054313,1.0,0.6744840145111084,0.9670372009277344,0.9300093650817871,0.8775826454162597,0.888575530052185,0.8948679351806641
43,ramp,0.25,no_resync,51,7800,7840,40,150,0.980341911315918,1.231174416340716,0.9515250325202942,0.0,0.8408384323120117,0.9043607711791992,0.9321108341217041,0.9319298982620239,0.933087968826294
43,ramp,0.25,output_bias_persistent,51,7800,7840,40,150,0.980341911315918,1.231174416340716,0.9515250325202942,1.231174416340716,0.13950347900390625,0.07598114013671875,0.048231077194213864,0.048412013053894046,0.04725394248962402
43,ramp,0.25,output_bias_decay,51,7800,7840,40,150,0.980341911315918,1.231174416340716,0.9515250325202942,1.231174416340716,0.36997501542647004,0.43349735429365754,0.033202075958251955,0.08219740390777588,0.10850777626037597
43,ramp,0.25,current_reencode,51,7800,7840,40,150,0.980341911315918,1.231174416340716,0.9515250325202942,0.7470973134040833,0.8315310478210449,0.8950533866882324,0.9318183183670044,0.9329725861549377,0.9339586067199707
43,ramp,0.25,online_head_update,51,7800,7840,40,150,0.980341911315918,1.231174416340716,0.9515250325202942,0.0,0.5225768089294434,0.5860991477966309,0.6122477531433106,0.6144882082939148,0.6165241241455078
43,ramp,0.25,past_state_jacobian,51,7800,7840,40,150,0.980341911315918,1.231174416340716,0.9515250325202942,2.5,0.8197178840637207,0.8832402229309082,0.960256814956665,0.9553549647331238,0.9532615184783936
43,ramp,0.25,oracle_resync,51,7800,7840,40,150,0.980341911315918,1.231174416340716,0.9515250325202942,0.7219511866569519,0.8252353668212891,0.8887577056884766,0.9303157806396485,0.9303636312484741,0.9307265090942383
43,ramp,0.25,no_resync,52,7950,7990,40,150,0.8408384323120117,1.0559772607793583,0.8734592795372009,0.0,1.233912467956543,0.9264082908630371,0.9384737253189087,0.9392025947570801,0.9398889923095703
43,ramp,0.25,output_bias_persistent,52,7950,7990,40,150,0.8408384323120117,1.0559772607793583,0.8734592795372009,1.0559772607793583,0.39307403564453125,0.08556985855102539,0.09763529300689697,0.09836416244506836,0.09905055999755859
43,ramp,0.25,output_bias_decay,52,7950,7990,40,150,0.8408384323120117,1.0559772607793583,0.8734592795372009,1.0559772607793583,0.8300533115570472,0.5225491344635413,0.15390174388885497,0.20359838008880615,0.22721574783325196
43,ramp,0.25,current_reencode,52,7950,7990,40,150,0.8408384323120117,1.0559772607793583,0.8734592795372009,1.2623299360275269,1.2130556106567383,0.9055514335632324,0.9350811004638672,0.9338963270187378,0.9338009166717529
43,ramp,0.25,online_head_update,52,7950,7990,40,150,0.8408384323120117,1.0559772607793583,0.8734592795372009,0.0,0.9363503456115723,0.6288461685180664,0.6502586603164673,0.6495807886123657,0.6499734020233154
43,ramp,0.25,past_state_jacobian,52,7950,7990,40,150,0.8408384323120117,1.0559772607793583,0.8734592795372009,2.5,1.2059574127197266,0.8984532356262207,0.963205099105835,0.9584977507591248,0.9562230968475341
43,ramp,0.25,oracle_resync,52,7950,7990,40,150,0.8408384323120117,1.0559772607793583,0.8734592795372009,1.2600706815719604,1.192643165588379,0.885138988494873,0.9333016157150269,0.9305844306945801,0.9293575477600098
43,ramp,0.25,no_resync,53,8100,8140,40,150,1.233912467956543,1.549624110748005,0.9057446122169495,0.0,0.9149360656738281,0.9902315139770508,0.963154935836792,0.970740020275116,0.9728218364715576
43,ramp,0.25,output_bias_persistent,53,8100,8140,40,150,1.233912467956543,1.549624110748005,0.9057446122169495,1.549624110748005,0.31897640228271484,0.2436809539794922,0.27075753211975095,0.263172447681427,0.26109063148498535
43,ramp,0.25,output_bias_decay,53,8100,8140,40,150,1.233912467956543,1.549624110748005,0.9057446122169495,1.549624110748005,0.32228136623350334,0.397576814536726,0.18818769454956055,0.11904999017715454,0.10922382354736328
43,ramp,0.25,current_reencode,53,8100,8140,40,150,1.233912467956543,1.549624110748005,0.9057446122169495,1.3893903493881226,0.9039878845214844,0.979283332824707,0.9573468208312989,0.9667980074882507,0.969363603591919
43,ramp,0.25,online_head_update,53,8100,8140,40,150,1.233912467956543,1.549624110748005,0.9057446122169495,0.0,0.5836992263793945,0.6589946746826172,0.6309439182281494,0.6374407529830932,0.6388655948638916
43,ramp,0.25,past_state_jacobian,53,8100,8140,40,150,1.233912467956543,1.549624110748005,0.9057446122169495,2.5,0.9461212158203125,1.0214166641235352,0.9888992786407471,0.9925601840019226,0.9953195858001709
43,ramp,0.25,oracle_resync,53,8100,8140,40,150,1.233912467956543,1.549624110748005,0.9057446122169495,0.8658198118209839,0.8992733955383301,0.9745688438415527,0.9547821283340454,0.9642963886260987,0.9673810195922852
43,ramp,0.25,no_resync,54,8250,8290,40,150,0.9149360656738281,1.1490336826801704,0.8218955397605896,0.0,0.8707461357116699,1.044912338256836,1.013654613494873,1.0164050817489625,1.016480655670166
43,ramp,0.25,output_bias_persistent,54,8250,8290,40,150,0.9149360656738281,1.1490336826801704,0.8218955397605896,1.1490336826801704,0.0441899299621582,0.1299762725830078,0.09871854782104492,0.10146901607513428,0.10154458999633789
43,ramp,0.25,output_bias_decay,54,8250,8290,40,150,0.9149360656738281,1.1490336826801704,0.8218955397605896,1.1490336826801704,0.43129749321028577,0.6054636957554518,0.15994341373443605,0.21597684621810914,0.24100414276123047
43,ramp,0.25,current_reencode,54,8250,8290,40,150,0.9149360656738281,1.1490336826801704,0.8218955397605896,1.1547342538833618,0.8638763427734375,1.0380425453186035,1.0129446506500244,1.0165642976760865,1.0160991668701171
43,ramp,0.25,online_head_update,54,8250,8290,40,150,0.9149360656738281,1.1490336826801704,0.8218955397605896,0.0,0.5562338829040527,0.7304000854492188,0.7050167560577393,0.7059775948524475,0.7052262687683105
43,ramp,0.25,past_state_jacobian,54,8250,8290,40,150,0.9149360656738281,1.1490336826801704,0.8218955397605896,2.5,0.8648838996887207,1.0390501022338867,1.0623543500900268,1.0578468322753907,1.056303186416626
43,ramp,0.25,oracle_resync,54,8250,8290,40,150,0.9149360656738281,1.1490336826801704,0.8218955397605896,0.33510008454322815,0.8636083602905273,1.0377745628356934,1.012635064125061,1.0157161355018616,1.0154448795318602
43,ramp,0.25,no_resync,55,8400,8440,40,150,0.8707461357116699,1.0935372170070172,0.943030595779419,0.0,1.1101369857788086,1.090512752532959,1.059057092666626,1.0627581119537353,1.0621749782562255
43,ramp,0.25,output_bias_persistent,55,8400,8440,40,150,0.8707461357116699,1.0935372170070172,0.943030595779419,1.0935372170070172,0.23939085006713867,0.21976661682128906,0.18831095695495606,0.19201197624206542,0.19142884254455567
43,ramp,0.25,output_bias_decay,55,8400,8440,40,150,0.8707461357116699,1.0935372170070172,0.943030595779419,1.0935372170070172,0.6919130008930354,0.6722887676471858,0.24657876491546632,0.3009892702102661,0.3241527271270752
43,ramp,0.25,current_reencode,55,8400,8440,40,150,0.8707461357116699,1.0935372170070172,0.943030595779419,0.7031484246253967,1.1128253936767578,1.0932011604309082,1.0580078125,1.0635231733322144,1.062559585571289
43,ramp,0.25,online_head_update,55,8400,8440,40,150,0.8707461357116699,1.0935372170070172,0.943030595779419,0.0,0.816561222076416,0.7969369888305664,0.7569114923477173,0.764214813709259,0.7626530647277832
43,ramp,0.25,past_state_jacobian,55,8400,8440,40,150,0.8707461357116699,1.0935372170070172,0.943030595779419,2.5,1.1151776313781738,1.0955533981323242,1.0963422775268554,1.091716754436493,1.0896023082733155
43,ramp,0.25,oracle_resync,55,8400,8440,40,150,0.8707461357116699,1.0935372170070172,0.943030595779419,0.5999100804328918,1.1138434410095215,1.0942192077636719,1.0554847955703734,1.0601830959320069,1.059464406967163
43,ramp,0.25,no_resync,56,8550,8590,40,150,1.1101369857788086,1.3941791529547491,0.9068917036056519,0.0,1.0352225303649902,1.083754539489746,1.1056957960128784,1.1007076621055603,1.0999794864654542
43,ramp,0.25,output_bias_persistent,56,8550,8590,40,150,1.1101369857788086,1.3941791529547491,0.9068917036056519,1.3941791529547491,0.07491445541381836,0.0263824462890625,0.016535115242004395,0.017158925533294678,0.016458520889282225
43,ramp,0.25,output_bias_decay,56,8550,8590,40,150,1.1101369857788086,1.3941791529547491,0.9068917036056519,1.3941791529547491,0.502017851159577,0.5505498602843328,0.06984596252441407,0.12950867414474487,0.15905567169189452
43,ramp,0.25,current_reencode,56,8550,8590,40,150,1.1101369857788086,1.3941791529547491,0.9068917036056519,0.7203055620193481,1.0278887748718262,1.076420783996582,1.1077194690704346,1.101751434803009,1.100870542526245
43,ramp,0.25,online_head_update,56,8550,8590,40,150,1.1101369857788086,1.3941791529547491,0.9068917036056519,0.0,0.7242531776428223,0.7727851867675781,0.7973168849945068,0.7929596900939941,0.7915957355499268
43,ramp,0.25,past_state_jacobian,56,8550,8590,40,150,1.1101369857788086,1.3941791529547491,0.9068917036056519,2.500000238418579,1.0358710289001465,1.0844030380249023,1.1437347650527954,1.132812213897705,1.1307033061981202
43,ramp,0.25,oracle_resync,56,8550,8590,40,150,1.1101369857788086,1.3941791529547491,0.9068917036056519,0.3656173050403595,1.0284314155578613,1.0769634246826172,1.1060220718383789,1.1001737117767334,1.0994769477844237
43,ramp,0.25,no_resync,57,8700,8740,40,150,1.0352225303649902,1.3000969150590072,0.9328032732009888,0.0,1.1249661445617676,1.1190271377563477,1.0956492662429809,1.0996715426445007,1.1011488723754883
43,ramp,0.25,output_bias_persistent,57,8700,8740,40,150,1.0352225303649902,1.3000969150590072,0.9328032732009888,1.3000969150590072,0.08974361419677734,0.08380460739135742,0.060426735877990724,0.0644490122795105,0.06592634201049805
43,ramp,0.25,output_bias_decay,57,8700,8740,40,150,1.0352225303649902,1.3000969150590072,0.9328032732009888,1.3000969150590072,0.6277432754198671,0.6218042686144472,0.12970082759857177,0.1940111756324768,0.22372065544128417
43,ramp,0.25,current_reencode,57,8700,8740,40,150,1.0352225303649902,1.3000969150590072,0.9328032732009888,1.09268057346344,1.1155691146850586,1.1096301078796387,1.0908235549926757,1.0938612580299378,1.095480432510376
43,ramp,0.25,online_head_update,57,8700,8740,40,150,1.0352225303649902,1.3000969150590072,0.9328032732009888,0.0,0.8018355369567871,0.7958965301513672,0.7735776662826538,0.7780109286308289,0.7801789093017578
43,ramp,0.25,past_state_jacobian,57,8700,8740,40,150,1.0352225303649902,1.3000969150590072,0.9328032732009888,2.499999761581421,1.1232690811157227,1.1173300743103027,1.1291995286941527,1.130535852909088,1.128390007019043
43,ramp,0.25,oracle_resync,57,8700,8740,40,150,1.0352225303649902,1.3000969150590072,0.9328032732009888,0.8486679196357727,1.1125884056091309,1.106649398803711,1.0900895833969115,1.0927963495254516,1.0940340423583985
43,ramp,0.25,no_resync,58,8850,8890,40,150,1.1249661445617676,1.4128025339391717,0.9806102514266968,0.0,,,1.1124188423156738,1.11961110830307,1.1227595233917236
43,ramp,0.25,output_bias_persistent,58,8850,8890,40,150,1.1249661445617676,1.4128025339391717,0.9806102514266968,1.4128025339391717,,,0.020784616470336914,0.01819838285446167,0.018577718734741212
43,ramp,0.25,output_bias_decay,58,8850,8890,40,150,1.1249661445617676,1.4128025339391717,0.9806102514266968,1.4128025339391717,,,0.06678011417388915,0.13746285438537598,0.17088603973388672
43,ramp,0.25,current_reencode,58,8850,8890,40,150,1.1249661445617676,1.4128025339391717,0.9806102514266968,1.1634521484375,,,1.1078794479370118,1.1162078261375428,1.1197238159179688
43,ramp,0.25,online_head_update,58,8850,8890,40,150,1.1249661445617676,1.4128025339391717,0.9806102514266968,0.0,,,0.7907813310623169,0.7988041520118714,0.8016341209411622
43,ramp,0.25,past_state_jacobian,58,8850,8890,40,150,1.1249661445617676,1.4128025339391717,0.9806102514266968,2.5,,,1.1515239000320434,1.1539658069610597,1.1558018493652344
43,ramp,0.25,oracle_resync,58,8850,8890,40,150,1.1249661445617676,1.4128025339391717,0.9806102514266968,0.6637861728668213,,,1.1073256254196167,1.1154282331466674,1.1190944480895997
43,random_walk,0.25,no_resync,47,7200,7240,40,150,0.9430952072143555,1.1843976860453618,0.6472395658493042,0.0,0.8655519485473633,0.797304630279541,0.8184466123580932,0.8150468349456788,0.8113162994384766
43,random_walk,0.25,output_bias_persistent,47,7200,7240,40,150,0.9430952072143555,1.1843976860453618,0.6472395658493042,1.1843976860453618,0.07754325866699219,0.14579057693481445,0.1246485948562622,0.12804837226867677,0.13177890777587892
43,random_walk,0.25,output_bias_decay,47,7200,7240,40,150,0.9430952072143555,1.1843976860453618,0.6472395658493042,1.1843976860453618,0.4125783210899252,0.34433100282210294,0.06245355606079102,0.05451817512512207,0.06360041618347168
43,random_walk,0.25,current_reencode,47,7200,7240,40,150,0.9430952072143555,1.1843976860453618,0.6472395658493042,0.4825383722782135,0.865018367767334,0.7967710494995117,0.8203515529632568,0.8171873569488526,0.8132711410522461
43,random_walk,0.25,online_head_update,47,7200,7240,40,150,0.9430952072143555,1.1843976860453618,0.6472395658493042,0.0,0.5665359497070312,0.498288631439209,0.5242449045181274,0.5218989372253418,0.5183685684204101
43,random_walk,0.25,past_state_jacobian,47,7200,7240,40,150,0.9430952072143555,1.1843976860453618,0.6472395658493042,2.5,0.8455915451049805,0.7773442268371582,0.8385557413101197,0.8282277345657348,0.8217516994476318
43,random_walk,0.25,oracle_resync,47,7200,7240,40,150,0.9430952072143555,1.1843976860453618,0.6472395658493042,0.8724051713943481,0.8569602966308594,0.7887129783630371,0.8164489030838012,0.8112912058830262,0.8068079566955566
43,random_walk,0.25,no_resync,48,7350,7390,40,150,0.8655519485473633,1.0870140333334806,0.8600974082946777,0.0,0.6330642700195312,0.8001346588134766,0.8132179260253907,0.81261305809021,0.813645658493042
43,random_walk,0.25,output_bias_persistent,48,7350,7390,40,150,0.8655519485473633,1.0870140333334806,0.8600974082946777,1.0870140333334806,0.23248767852783203,0.06541728973388672,0.052334022521972653,0.05293889045715332,0.05190629005432129
43,random_walk,0.25,output_bias_decay,48,7350,7390,40,150,0.8655519485473633,1.0870140333334806,0.8600974082946777,1.0870140333334806,0.21733508076362718,0.3844054695575725,0.030080580711364747,0.06763553619384766,0.089823637008667
43,random_walk,0.25,current_reencode,48,7350,7390,40,150,0.8655519485473633,1.0870140333334806,0.8600974082946777,0.624996542930603,0.6328058242797852,0.7998762130737305,0.8156203269958496,0.8150953769683837,0.8162323188781738
43,random_walk,0.25,online_head_update,48,7350,7390,40,150,0.8655519485473633,1.0870140333334806,0.8600974082946777,0.0,0.3197183609008789,0.4867887496948242,0.5113438129425049,0.5114388585090637,0.513186445236206
43,random_walk,0.25,past_state_jacobian,48,7350,7390,40,150,0.8655519485473633,1.0870140333334806,0.8600974082946777,2.5,0.6369247436523438,0.8039951324462891,0.8316669464111328,0.8294019103050232,0.8281288433074951
43,random_walk,0.25,oracle_resync,48,7350,7390,40,150,0.8655519485473633,1.0870140333334806,0.8600974082946777,0.7964499592781067,0.6326980590820312,0.7997684478759766,0.8109881639480591,0.810417890548706,0.8111016178131103
43,random_walk,0.25,no_resync,49,7500,7540,40,150,0.6330642700195312,0.7950415300527632,0.8934592008590698,0.0,0.5927414894104004,0.818666934967041,0.8262952566146851,0.819471538066864,0.8179946708679199
43,random_walk,0.25,output_bias_persistent,49,7500,7540,40,150,0.6330642700195312,0.7950415300527632,0.8934592008590698,0.7950415300527632,0.04032278060913086,0.18560266494750977,0.1932309865951538,0.18640726804733276,0.18493040084838866
43,random_walk,0.25,output_bias_decay,49,7500,7540,40,150,0.6330642700195312,0.7950415300527632,0.8934592008590698,0.7950415300527632,0.2886773645894749,0.5146028101461155,0.2355938196182251,0.26563775539398193,0.28142552375793456
43,random_walk,0.25,current_reencode,49,7500,7540,40,150,0.6330642700195312,0.7950415300527632,0.8934592008590698,0.8846752047538757,0.5868749618530273,0.812800407409668,0.8324200868606567,0.8222047328948975,0.819538459777832
43,random_walk,0.25,online_head_update,49,7500,7540,40,150,0.6330642700195312,0.7950415300527632,0.8934592008590698,0.0,0.36405515670776367,0.5899806022644043,0.60484459400177,0.5960676789283752,0.5942297649383544
43,random_walk,0.25,past_state_jacobian,49,7500,7540,40,150,0.6330642700195312,0.7950415300527632,0.8934592008590698,2.5,0.5747995376586914,0.800724983215332,0.8496352434158325,0.8371855616569519,0.8322533321380615
43,random_walk,0.25,oracle_resync,49,7500,7540,40,150,0.6330642700195312,0.7950415300527632,0.8934592008590698,1.1718590259552002,0.5712738037109375,0.7971992492675781,0.8317104816436768,0.8178987145423889,0.8132503890991211
43,random_walk,0.25,no_resync,50,7650,7690,40,150,0.5927414894104004,0.7444016713375079,1.0,0.0,0.9297275543212891,0.8926997184753418,0.8454467058181763,0.8535889267921448,0.8582955074310302
43,random_walk,0.25,output_bias_persistent,50,7650,7690,40,150,0.5927414894104004,0.7444016713375079,1.0,0.7444016713375079,0.33698606491088867,0.2999582290649414,0.2527052164077759,0.2608474373817444,0.2655540180206299
43,random_walk,0.25,output_bias_decay,50,7650,7690,40,150,0.5927414894104004,0.7444016713375079,1.0,0.7444016713375079,0.6450306747816104,0.6080028389356631,0.2923697233200073,0.33503133058547974,0.3559029006958008
43,random_walk,0.25,current_reencode,50,7650,7690,40,150,0.5927414894104004,0.7444016713375079,1.0,0.6733243465423584,0.9292631149291992,0.892235279083252,0.8446942090988159,0.853730309009552,0.8588288497924804
43,random_walk,0.25,online_head_update,50,7650,7690,40,150,0.5927414894104004,0.7444016713375079,1.0,0.0,0.7231559753417969,0.6861281394958496,0.6366899490356446,0.64522385597229,0.6502052783966065
43,random_walk,0.25,past_state_jacobian,50,7650,7690,40,150,0.5927414894104004,0.7444016713375079,1.0,2.5,0.8792338371276855,0.8422060012817383,0.8713113069534302,0.8756656169891357,0.8791207504272461
43,random_walk,0.25,oracle_resync,50,7650,7690,40,150,0.5927414894104004,0.7444016713375079,1.0,0.6488127708435059,0.915611743927002,0.8785839080810547,0.8393134355545044,0.8492991209030152,0.8548749160766601
43,random_walk,0.25,no_resync,51,7800,7840,40,150,0.9297275543212891,1.1676097551627835,0.9515250325202942,0.0,0.7691726684570312,0.8326950073242188,0.8762112379074096,0.8752358436584473,0.87565092086792
43,random_walk,0.25,output_bias_persistent,51,7800,7840,40,150,0.9297275543212891,1.1676097551627835,0.9515250325202942,1.1676097551627835,0.1605548858642578,0.09703254699707031,0.0535163164138794,0.054491710662841794,0.05407663345336914
43,random_walk,0.25,output_bias_decay,51,7800,7840,40,150,0.9297275543212891,1.1676097551627835,0.9515250325202942,1.1676097551627835,0.3226195955472617,0.3861419344144492,0.029851341247558595,0.07244381904602051,0.09609871864318847
43,random_walk,0.25,current_reencode,51,7800,7840,40,150,0.9297275543212891,1.1676097551627835,0.9515250325202942,0.7057403326034546,0.7612137794494629,0.8247361183166504,0.876367163658142,0.8768096566200256,0.8771053028106689
43,random_walk,0.25,online_head_update,51,7800,7840,40,150,0.9297275543212891,1.1676097551627835,0.9515250325202942,0.0,0.45662498474121094,0.5201473236083984,0.5631112098693848,0.5647558093070983,0.5658978748321534
43,random_walk,0.25,past_state_jacobian,51,7800,7840,40,150,0.9297275543212891,1.1676097551627835,0.9515250325202942,2.499999761581421,0.7484564781188965,0.811978816986084,0.9033849239349365,0.8968949794769288,0.8936779975891114
43,random_walk,0.25,oracle_resync,51,7800,7840,40,150,0.9297275543212891,1.1676097551627835,0.9515250325202942,0.8188305497169495,0.7514376640319824,0.8149600028991699,0.8745644330978394,0.8735504865646362,0.8730125713348389
43,random_walk,0.25,no_resync,52,7950,7990,40,150,0.7691726684570312,0.9659749320333276,0.8734592795372009,0.0,1.1226005554199219,0.815096378326416,0.8562053442001343,0.853389573097229,0.8525784492492676
43,random_walk,0.25,output_bias_persistent,52,7950,7990,40,150,0.7691726684570312,0.9659749320333276,0.8734592795372009,0.9659749320333276,0.3534278869628906,0.045923709869384766,0.08703267574310303,0.08421690464019775,0.08340578079223633
43,random_walk,0.25,output_bias_decay,52,7950,7990,40,150,0.7691726684570312,0.9659749320333276,0.8734592795372009,0.9659749320333276,0.7531628453066226,0.4456586682131167,0.13850347995758056,0.1804818630218506,0.2006472682952881
43,random_walk,0.25,current_reencode,52,7950,7990,40,150,0.7691726684570312,0.9659749320333276,0.8734592795372009,1.1460472345352173,1.1035847663879395,0.7960805892944336,0.8542379856109619,0.8495734214782715,0.8480206489562988
43,random_walk,0.25,online_head_update,52,7950,7990,40,150,0.7691726684570312,0.9659749320333276,0.8734592795372009,0.0,0.8445577621459961,0.5370535850524902,0.5882323503494262,0.5836928009986877,0.5825995826721191
43,random_walk,0.25,past_state_jacobian,52,7950,7990,40,150,0.7691726684570312,0.9659749320333276,0.8734592795372009,2.5,1.106935977935791,0.7994318008422852,0.8779079437255859,0.8697003483772278,0.8653923702239991
43,random_walk,0.25,oracle_resync,52,7950,7990,40,150,0.7691726684570312,0.9659749320333276,0.8734592795372009,1.1977529525756836,1.0828461647033691,0.7753419876098633,0.851160979270935,0.8453100800514222,0.8426134204864502
43,random_walk,0.25,no_resync,53,8100,8140,40,150,1.1226005554199219,1.4098316797939026,0.9057446122169495,0.0,0.7774147987365723,0.8527102470397949,0.8413813829421997,0.8464194297790527,0.8474882221221924
43,random_walk,0.25,output_bias_persistent,53,8100,8140,40,150,1.1226005554199219,1.4098316797939026,0.9057446122169495,1.4098316797939026,0.3451857566833496,0.26989030838012695,0.28121917247772216,0.27618112564086916,0.2751123332977295
43,random_walk,0.25,output_bias_decay,53,8100,8140,40,150,1.1226005554199219,1.4098316797939026,0.9057446122169495,1.4098316797939026,0.23822380096203055,0.3135192492652532,0.20609796047210693,0.13689602613449098,0.11541131019592285
43,random_walk,0.25,current_reencode,53,8100,8140,40,150,1.1226005554199219,1.4098316797939026,0.9057446122169495,1.211794376373291,0.7689414024353027,0.8442368507385254,0.8377824544906616,0.844480037689209,0.8458728313446044
43,random_walk,0.25,online_head_update,53,8100,8140,40,150,1.1226005554199219,1.4098316797939026,0.9057446122169495,0.0,0.4430723190307617,0.5183677673339844,0.50569007396698,0.5096587538719177,0.5101847648620605
43,random_walk,0.25,past_state_jacobian,53,8100,8140,40,150,1.1226005554199219,1.4098316797939026,0.9057446122169495,2.5,0.8956665992736816,0.9709620475769043,0.8637796878814697,0.8658910512924194,0.868023509979248
43,random_walk,0.25,oracle_resync,53,8100,8140,40,150,1.1226005554199219,1.4098316797939026,0.9057446122169495,0.7273043990135193,0.7646770477294922,0.8399724960327148,0.8344961166381836,0.841261625289917,0.8430638885498047
43,random_walk,0.25,no_resync,54,8250,8290,40,150,0.7774147987365723,0.9763259124608573,0.8218955397605896,0.0,0.7229890823364258,0.8971552848815918,0.8726798057556152,0.8749321460723877,0.874600419998169
43,random_walk,0.25,output_bias_persistent,54,8250,8290,40,150,0.7774147987365723,0.9763259124608573,0.8218955397605896,0.9763259124608573,0.054425716400146484,0.11974048614501953,0.09526500701904297,0.09751734733581544,0.09718562126159667
43,random_walk,0.25,output_bias_decay,54,8250,8290,40,150,0.7774147987365723,0.9763259124608573,0.8218955397605896,0.9763259124608573,0.3495926333575907,0.5237588359027567,0.14728734493255616,0.19481383562088012,0.2156834316253662
43,random_walk,0.25,current_reencode,54,8250,8290,40,150,0.7774147987365723,0.9763259124608573,0.8218955397605896,1.0468329191207886,0.7180776596069336,0.8922438621520996,0.8729669570922851,0.8758587837219238,0.8750071239471435
43,random_walk,0.25,online_head_update,54,8250,8290,40,150,0.7774147987365723,0.9763259124608573,0.8218955397605896,0.0,0.4456753730773926,0.6198415756225586,0.6008604764938354,0.6014640688896179,0.6003176307678223
43,random_walk,0.25,past_state_jacobian,54,8250,8290,40,150,0.7774147987365723,0.9763259124608573,0.8218955397605896,2.5,0.7065739631652832,0.8807401657104492,0.9163519620895386,0.9115233778953552,0.9093468856811523
43,random_walk,0.25,oracle_resync,54,8250,8290,40,150,0.7774147987365723,0.9763259124608573,0.8218955397605896,0.3312956988811493,0.7140960693359375,0.8882622718811035,0.8718350410461426,0.874428105354309,0.8736839485168457
43,random_walk,0.25,no_resync,55,8400,8440,40,150,0.7229890823364258,0.9079747088150485,0.943030595779419,0.0,0.9578285217285156,0.938204288482666,0.9126105546951294,0.9163107514381409,0.9153146266937255
43,random_walk,0.25,output_bias_persistent,55,8400,8440,40,150,0.7229890823364258,0.9079747088150485,0.943030595779419,0.9079747088150485,0.23483943939208984,0.21521520614624023,0.1896214723587036,0.19332166910171508,0.19232554435729982
43,random_walk,0.25,output_bias_decay,55,8400,8440,40,150,0.7229890823364258,0.9079747088150485,0.943030595779419,0.9079747088150485,0.6105730328522805,0.5909487996064309,0.23800175189971923,0.283806574344635,0.30252747535705565
43,random_walk,0.25,current_reencode,55,8400,8440,40,150,0.7229890823364258,0.9079747088150485,0.943030595779419,0.5699707865715027,0.9608573913574219,0.9412331581115723,0.912540340423584,0.917726993560791,0.9164021301269532
43,random_walk,0.25,online_head_update,55,8400,8440,40,150,0.7229890823364258,0.9079747088150485,0.943030595779419,0.0,0.7102723121643066,0.690648078918457,0.6580914974212646,0.6649174213409423,0.6627444458007813
43,random_walk,0.25,past_state_jacobian,55,8400,8440,40,150,0.7229890823364258,0.9079747088150485,0.943030595779419,2.5,0.9766330718994141,0.9570088386535645,0.9440994024276733,0.9390868067741394,0.9371883773803711
43,random_walk,0.25,oracle_resync,55,8400,8440,40,150,0.7229890823364258,0.9079747088150485,0.943030595779419,0.6992351412773132,0.9645109176635742,0.9448866844177246,0.9083382368087769,0.9128956913948059,0.912103271484375
43,random_walk,0.25,no_resync,56,8550,8590,40,150,0.9578285217285156,1.2029006998289782,0.9068917036056519,0.0,0.8676118850708008,0.9161438941955566,0.9506633520126343,0.9450882196426391,0.9440403461456299
43,random_walk,0.25,output_bias_persistent,56,8550,8590,40,150,0.9578285217285156,1.2029006998289782,0.9068917036056519,1.2029006998289782,0.09021663665771484,0.041684627532958984,0.018655276298522948,0.019744610786437987,0.01939162254333496
43,random_walk,0.25,output_bias_decay,56,8550,8590,40,150,0.9578285217285156,1.2029006998289782,0.9068917036056519,1.2029006998289782,0.4075617685495887,0.45609377767434456,0.056929922103881835,0.10713568925857545,0.13220929145812987
43,random_walk,0.25,current_reencode,56,8550,8590,40,150,0.9578285217285156,1.2029006998289782,0.9068917036056519,0.5740810036659241,0.8620386123657227,0.9105706214904785,0.9529458284378052,0.9465998768806457,0.945409049987793
43,random_walk,0.25,online_head_update,56,8550,8590,40,150,0.9578285217285156,1.2029006998289782,0.9068917036056519,0.0,0.5581016540527344,0.6066336631774902,0.6454823970794678,0.6404546737670899,0.6386520481109619
43,random_walk,0.25,past_state_jacobian,56,8550,8590,40,150,0.9578285217285156,1.2029006998289782,0.9068917036056519,2.500000238418579,0.8619480133056641,0.9104800224304199,0.9834419250488281,0.9717267274856567,0.9695177173614502
43,random_walk,0.25,oracle_resync,56,8550,8590,40,150,0.9578285217285156,1.2029006998289782,0.9068917036056519,0.4164566993713379,0.8616361618041992,0.9101681709289551,0.9503990888595581,0.9441379070281982,0.9432036209106446
43,random_walk,0.25,no_resync,57,8700,8740,40,150,0.8676118850708008,1.0896010298881191,0.9328032732009888,0.0,0.9366540908813477,0.9307150840759277,0.9216903686523438,0.9244938135147095,0.9252871990203857
43,random_walk,0.25,output_bias_persistent,57,8700,8740,40,150,0.8676118850708008,1.0896010298881191,0.9328032732009888,1.0896010298881191,0.06904220581054688,0.06310319900512695,0.05407848358154297,0.05688192844390869,0.05767531394958496
43,random_walk,0.25,output_bias_decay,57,8700,8740,40,150,0.8676118850708008,1.0896010298881191,0.9328032732009888,1.0896010298881191,0.5199355031933282,0.5139964963879082,0.11213653087615967,0.16546695232391356,0.18992147445678711
43,random_walk,0.25,current_reencode,57,8700,8740,40,150,0.8676118850708008,1.0896010298881191,0.9328032732009888,0.9375988245010376,0.9294509887695312,0.9235119819641113,0.9188860654830933,0.9207927942276001,0.9217536735534668
43,random_walk,0.25,online_head_update,57,8700,8740,40,150,0.8676118850708008,1.0896010298881191,0.9328032732009888,0.0,0.6345181465148926,0.6285791397094727,0.6206656217575073,0.6240830898284913,0.625558214187622
43,random_walk,0.25,past_state_jacobian,57,8700,8740,40,150,0.8676118850708008,1.0896010298881191,0.9328032732009888,2.499999761581421,0.9504518508911133,0.9445128440856934,0.9508170843124389,0.9498853921890259,0.9467313003540039
43,random_walk,0.25,oracle_resync,57,8700,8740,40,150,0.8676118850708008,1.0896010298881191,0.9328032732009888,0.8856568932533264,0.9260473251342773,0.9201083183288574,0.917885684967041,0.9189372897148133,0.9192814350128173
43,random_walk,0.25,no_resync,58,8850,8890,40,150,0.9366540908813477,1.1763085310777557,0.9806102514266968,0.0,,,0.9170455932617188,0.9229537844657898,0.9254938220977783
43,random_walk,0.25,output_bias_persistent,58,8850,8890,40,150,0.9366540908813477,1.1763085310777557,0.9806102514266968,1.1763085310777557,,,0.025812625885009766,0.022039663791656495,0.022006464004516602
43,random_walk,0.25,output_bias_decay,58,8850,8890,40,150,0.9366540908813477,1.1763085310777557,0.9806102514266968,1.1763085310777557,,,0.050075101852416995,0.10702834129333497,0.13441184043884277
43,random_walk,0.25,current_reencode,58,8850,8890,40,150,0.9366540908813477,1.1763085310777557,0.9806102514266968,1.0297411680221558,,,0.9144461393356323,0.9213130831718445,0.9241515636444092
43,random_walk,0.25,online_head_update,58,8850,8890,40,150,0.9366540908813477,1.1763085310777557,0.9806102514266968,0.0,,,0.6028550624847412,0.6096125960350036,0.611870355606079
43,random_walk,0.25,past_state_jacobian,58,8850,8890,40,150,0.9366540908813477,1.1763085310777557,0.9806102514266968,2.500000238418579,,,0.9513558626174927,0.9522228598594665,0.9536705207824707
43,random_walk,0.25,oracle_resync,58,8850,8890,40,150,0.9366540908813477,1.1763085310777557,0.9806102514266968,0.5936449766159058,,,0.9130172729492188,0.9196632146835327,0.9228100299835205
44,none,0.0,no_resync,47,7200,7240,40,150,0.4903392791748047,0.6304385243872701,0.9199173450469971,0.0,0.7875151634216309,0.7705154418945312,0.7740409135818481,0.7700852990150452,0.7694547939300537
44,none,0.0,output_bias_persistent,47,7200,7240,40,150,0.4903392791748047,0.6304385243872701,0.9199173450469971,0.6304385243872701,0.29717588424682617,0.28017616271972656,0.28370163440704343,0.2797460198402405,0.27911551475524904
44,none,0.0,output_bias_decay,47,7200,7240,40,150,0.4903392791748047,0.6304385243872701,0.9199173450469971,0.6304385243872701,0.5520026083014207,0.5350028867743211,0.316513729095459,0.34111390113830564,0.35385570526123045
44,none,0.0,current_reencode,47,7200,7240,40,150,0.4903392791748047,0.6304385243872701,0.9199173450469971,827.03662109375,0.738365650177002,0.7213659286499023,0.8085201025009155,0.7800822377204895,0.7705593395233155
44,none,0.0,online_head_update,47,7200,7240,40,150,0.4903392791748047,0.6304385243872701,0.9199173450469971,0.0,0.5554714202880859,0.5384716987609863,0.5419202089309693,0.5379721283912658,0.5373452758789062
44,none,0.0,past_state_jacobian,47,7200,7240,40,150,0.4903392791748047,0.6304385243872701,0.9199173450469971,0.732007622718811,0.7868008613586426,0.769801139831543,0.7733579397201538,0.7693986535072327,0.7687663459777831
44,none,0.0,oracle_resync,47,7200,7240,40,150,0.4903392791748047,0.6304385243872701,0.9199173450469971,2.250248670578003,0.7853183746337891,0.7683186531066895,0.7719431161880493,0.7679760456085205,0.7673399925231934
44,none,0.0,no_resync,48,7350,7390,40,150,0.7875151634216309,1.012523203108799,0.8116595149040222,0.0,0.6793179512023926,0.7742762565612793,0.7593122243881225,0.7559798002243042,0.7555363178253174
44,none,0.0,output_bias_persistent,48,7350,7390,40,150,0.7875151634216309,1.012523203108799,0.8116595149040222,1.012523203108799,0.10819721221923828,0.013238906860351562,0.0282029390335083,0.03153536319732666,0.03197884559631348
44,none,0.0,output_bias_decay,48,7350,7390,40,150,0.7875151634216309,1.012523203108799,0.8116595149040222,1.012523203108799,0.30107024352238376,0.3960285488812705,0.02870311737060547,0.0691291332244873,0.08974164962768555
44,none,0.0,current_reencode,48,7350,7390,40,150,0.7875151634216309,1.012523203108799,0.8116595149040222,842.1572875976562,0.6123003959655762,0.7072587013244629,0.7204977512359619,0.711956512928009,0.7003022861480713
44,none,0.0,online_head_update,48,7350,7390,40,150,0.7875151634216309,1.012523203108799,0.8116595149040222,0.0,0.3003659248352051,0.3953242301940918,0.38025150299072263,0.37693101167678833,0.37649309158325195
44,none,0.0,past_state_jacobian,48,7350,7390,40,150,0.7875151634216309,1.012523203108799,0.8116595149040222,1.1526672840118408,0.6782150268554688,0.7731733322143555,0.7582587480545044,0.7549205780029297,0.7544743347167969
44,none,0.0,oracle_resync,48,7350,7390,40,150,0.7875151634216309,1.012523203108799,0.8116595149040222,2.2352356910705566,0.6771793365478516,0.7721376419067383,0.7572700262069703,0.7539264321327209,0.7534775924682617
44,none,0.0,no_resync,49,7500,7540,40,150,0.6793179512023926,0.8734119923383569,0.8706324100494385,0.0,0.818641185760498,0.7976436614990234,0.7853233814239502,0.787554919719696,0.7871281242370606
44,none,0.0,output_bias_persistent,49,7500,7540,40,150,0.6793179512023926,0.8734119923383569,0.8706324100494385,0.8734119923383569,0.13932323455810547,0.11832571029663086,0.10600543022155762,0.10823696851730347,0.10781017303466797
44,none,0.0,output_bias_decay,49,7500,7540,40,150,0.6793179512023926,0.8734119923383569,0.8706324100494385,0.8734119923383569,0.49236117267252766,0.47136364841105305,0.15146338939666748,0.1932562470436096,0.21135550498962402
44,none,0.0,current_reencode,49,7500,7540,40,150,0.6793179512023926,0.8734119923383569,0.8706324100494385,857.6625366210938,0.8612689971923828,0.8402714729309082,0.7659178733825683,0.771880304813385,0.7798826885223389
44,none,0.0,online_head_update,49,7500,7540,40,150,0.6793179512023926,0.8734119923383569,0.8706324100494385,0.0,0.4933772087097168,0.4723796844482422,0.45995852947235105,0.4621999979019165,0.4617781352996826
44,none,0.0,past_state_jacobian,49,7500,7540,40,150,0.6793179512023926,0.8734119923383569,0.8706324100494385,0.9752408266067505,0.8177266120910645,0.7967290878295898,0.7844490289688111,0.7866759300231934,0.7862469100952149
44,none,0.0,oracle_resync,49,7500,7540,40,150,0.6793179512023926,0.8734119923383569,0.8706324100494385,2.2467541694641113,0.8165335655212402,0.7955360412597656,0.7833102941513062,0.785530936717987,0.7850988864898681
44,none,0.0,no_resync,50,7650,7690,40,150,0.818641185760498,1.0525425212152015,0.9256623983383179,0.0,0.9488739967346191,0.8645920753479004,0.8043618202209473,0.8101957440376282,0.8132682800292969
44,none,0.0,output_bias_persistent,50,7650,7690,40,150,0.818641185760498,1.0525425212152015,0.9256623983383179,1.0525425212152015,0.1302328109741211,0.045950889587402344,0.014279365539550781,0.0085898756980896,0.008255348205566407
44,none,0.0,output_bias_decay,50,7650,7690,40,150,0.818641185760498,1.0525425212152015,0.9256623983383179,1.0525425212152015,0.5556762955234129,0.47139437413669416,0.043070077896118164,0.0952949047088623,0.12043622016906738
44,none,0.0,current_reencode,50,7650,7690,40,150,0.818641185760498,1.0525425212152015,0.9256623983383179,873.39111328125,1.137221336364746,1.0529394149780273,0.9441141366958619,0.9535799741744995,0.9480972862243653
44,none,0.0,online_head_update,50,7650,7690,40,150,0.818641185760498,1.0525425212152015,0.9256623983383179,0.0,0.5585613250732422,0.47427940368652344,0.4139308214187622,0.41977683305740354,0.42285539627075197
44,none,0.0,past_state_jacobian,50,7650,7690,40,150,0.818641185760498,1.0525425212152015,0.9256623983383179,1.1533432006835938,0.9478130340576172,0.8635311126708984,0.8033477067947388,0.8091761946678162,0.8122461223602295
44,none,0.0,oracle_resync,50,7650,7690,40,150,0.818641185760498,1.0525425212152015,0.9256623983383179,2.2546167373657227,0.9467992782592773,0.8625173568725586,0.8023804187774658,0.808203649520874,0.811270980834961
44,none,0.0,no_resync,51,7800,7840,40,150,0.9488739967346191,1.2199853198331383,0.8525218963623047,0.0,0.9224734306335449,0.8984408378601074,0.8890485763549805,0.8916002154350281,0.8923464775085449
44,none,0.0,output_bias_persistent,51,7800,7840,40,150,0.9488739967346191,1.2199853198331383,0.8525218963623047,1.2199853198331383,0.02640056610107422,0.05043315887451172,0.05982542037963867,0.05727378129959106,0.05652751922607422
44,none,0.0,output_bias_decay,51,7800,7840,40,150,0.9488739967346191,1.2199853198331383,0.8525218963623047,1.2199853198331383,0.4667242199356423,0.4426916271622048,0.031613826751708984,0.07545316219329834,0.09928236961364746
44,none,0.0,current_reencode,51,7800,7840,40,150,0.9488739967346191,1.2199853198331383,0.8525218963623047,888.7423706054688,0.9822421073913574,0.9582095146179199,1.031883430480957,1.0445666193962098,1.042782793045044
44,none,0.0,online_head_update,51,7800,7840,40,150,0.9488739967346191,1.2199853198331383,0.8525218963623047,0.0,0.4871068000793457,0.4630742073059082,0.4535552740097046,0.456119692325592,0.45687261581420896
44,none,0.0,past_state_jacobian,51,7800,7840,40,150,0.9488739967346191,1.2199853198331383,0.8525218963623047,1.3126944303512573,0.9212875366210938,0.8972549438476562,0.8879151105880737,0.8904608130455017,0.8912041759490967
44,none,0.0,oracle_resync,51,7800,7840,40,150,0.9488739967346191,1.2199853198331383,0.8525218963623047,2.284468173980713,0.92041015625,0.8963775634765625,0.8870783567428588,0.8896193981170655,0.8903604984283447
44,none,0.0,no_resync,52,7950,7990,40,150,0.9224734306335449,1.1860416105635894,0.9834389686584473,0.0,0.9218521118164062,0.8708982467651367,0.9092933416366578,0.9072094321250915,0.9062673950195312
44,none,0.0,output_bias_persistent,52,7950,7990,40,150,0.9224734306335449,1.1860416105635894,0.9834389686584473,1.1860416105635894,0.0006213188171386719,0.0515751838684082,0.013180088996887208,0.015263998508453369,0.01620603561401367
44,none,0.0,output_bias_decay,52,7950,7990,40,150,0.9224734306335449,1.1860416105635894,0.9834389686584473,1.1860416105635894,0.47878323296862124,0.4278293679173517,0.04990286827087402,0.10086402893066407,0.12494391441345215
44,none,0.0,current_reencode,52,7950,7990,40,150,0.9224734306335449,1.1860416105635894,0.9834389686584473,903.0802001953125,0.9079999923706055,0.8570461273193359,0.8417073965072632,0.8370550155639649,0.8306980895996093
44,none,0.0,online_head_update,52,7950,7990,40,150,0.9224734306335449,1.1860416105635894,0.9834389686584473,0.0,0.49244213104248047,0.44148826599121094,0.4797829627990723,0.47770806550979616,0.4767706298828125
44,none,0.0,past_state_jacobian,52,7950,7990,40,150,0.9224734306335449,1.1860416105635894,0.9834389686584473,1.2536537647247314,0.9207406044006348,0.8697867393493652,0.9082305192947387,0.9061410903930665,0.9051963615417481
44,none,0.0,oracle_resync,52,7950,7990,40,150,0.9224734306335449,1.1860416105635894,0.9834389686584473,2.2846298217773438,0.9198269844055176,0.868873119354248,0.9073585987091064,0.905264389514923,0.9043173789978027
44,none,0.0,no_resync,53,8100,8140,40,150,0.921851634979248,1.1852421560809197,0.9124440550804138,0.0,1.0168919563293457,0.8671441078186035,0.8584720849990845,0.8642904877662658,0.8658286571502686
44,none,0.0,output_bias_persistent,53,8100,8140,40,150,0.921851634979248,1.1852421560809197,0.9124440550804138,1.1852421560809197,0.09504032135009766,0.05470752716064453,0.06337954998016357,0.05756114721298218,0.05602297782897949
44,none,0.0,output_bias_decay,53,8100,8140,40,150,0.921851634979248,1.1852421560809197,0.9124440550804138,1.1852421560809197,0.5741217292305141,0.4243738807197719,0.02918272018432617,0.07324949502944947,0.0968405532836914
44,none,0.0,current_reencode,53,8100,8140,40,150,0.921851634979248,1.1852421560809197,0.9124440550804138,918.645263671875,1.091817855834961,0.9420700073242188,0.826423454284668,0.8198583483695984,0.8235676193237305
44,none,0.0,online_head_update,53,8100,8140,40,150,0.921851634979248,1.1852421560809197,0.9124440550804138,0.0,0.5878729820251465,0.4381251335144043,0.42935516834259035,0.43518277406692507,0.4367255783081055
44,none,0.0,past_state_jacobian,53,8100,8140,40,150,0.921851634979248,1.1852421560809197,0.9124440550804138,1.2307013273239136,1.0158205032348633,0.8660726547241211,0.8574476718902588,0.8632606983184814,0.864796257019043
44,none,0.0,oracle_resync,53,8100,8140,40,150,0.921851634979248,1.1852421560809197,0.9124440550804138,2.2624387741088867,1.0149216651916504,0.8651738166809082,0.856589961051941,0.862398362159729,0.8639316749572754
44,none,0.0,no_resync,54,8250,8290,40,150,1.0168919563293457,1.3074373023683685,0.9906064867973328,0.0,0.8868002891540527,0.8878889083862305,0.866356635093689,0.8638442993164063,0.8636994171142578
44,none,0.0,output_bias_persistent,54,8250,8290,40,150,1.0168919563293457,1.3074373023683685,0.9906064867973328,1.3074373023683685,0.13009166717529297,0.12900304794311523,0.15053532123565674,0.15304765701293946,0.15319253921508788
44,none,0.0,output_bias_decay,54,8250,8290,40,150,1.0168919563293457,1.3074373023683685,0.9906064867973328,1.3074373023683685,0.3983816918934915,0.3994703111256692,0.0824878454208374,0.058798444271087644,0.06947016716003418
44,none,0.0,current_reencode,54,8250,8290,40,150,1.0168919563293457,1.3074373023683685,0.9906064867973328,934.0457763671875,0.9256486892700195,0.9267373085021973,0.9239445686340332,0.923366904258728,0.9183752059936523
44,none,0.0,online_head_update,54,8250,8290,40,150,1.0168919563293457,1.3074373023683685,0.9906064867973328,0.0,0.4374423027038574,0.43853092193603516,0.4168929815292358,0.41439167261123655,0.41425232887268065
44,none,0.0,past_state_jacobian,54,8250,8290,40,150,1.0168919563293457,1.3074373023683685,0.9906064867973328,1.3341476917266846,0.8856592178344727,0.8867478370666504,0.865265154838562,0.8627472043037414,0.8625996017456055
44,none,0.0,oracle_resync,54,8250,8290,40,150,1.0168919563293457,1.3074373023683685,0.9906064867973328,2.255089044570923,0.8848719596862793,0.885960578918457,0.864513349533081,0.8619913220405578,0.8618417453765869
44,none,0.0,no_resync,55,8400,8440,40,150,0.8868002891540527,1.1401759750133689,0.9938316941261292,0.0,1.0233407020568848,0.908963680267334,0.8932445049285889,0.8956547498703002,0.8969706535339356
44,none,0.0,output_bias_persistent,55,8400,8440,40,150,0.8868002891540527,1.1401759750133689,0.9938316941261292,1.1401759750133689,0.13654041290283203,0.02216339111328125,0.006444215774536133,0.00885446071624756,0.010170364379882812
44,none,0.0,output_bias_decay,55,8400,8440,40,150,0.8868002891540527,1.1401759750133689,0.9938316941261292,1.1401759750133689,0.5974058221682261,0.48302880037867535,0.06578629016876221,0.11984095573425294,0.14534130096435546
44,none,0.0,current_reencode,55,8400,8440,40,150,0.8868002891540527,1.1401759750133689,0.9938316941261292,949.1435546875,1.0778594017028809,0.9634823799133301,0.9523873090744018,0.968153440952301,0.9791729068756103
44,none,0.0,online_head_update,55,8400,8440,40,150,0.8868002891540527,1.1401759750133689,0.9938316941261292,0.0,0.6080245971679688,0.49364757537841797,0.4778343677520752,0.48025394678115846,0.4815746974945068
44,none,0.0,past_state_jacobian,55,8400,8440,40,150,0.8868002891540527,1.1401759750133689,0.9938316941261292,1.143881916999817,1.0223793983459473,0.9080023765563965,0.8923248767852783,0.8947303533554077,0.8960439205169678
44,none,0.0,oracle_resync,55,8400,8440,40,150,0.8868002891540527,1.1401759750133689,0.9938316941261292,2.264539957046509,1.021437644958496,0.9070606231689453,0.8914256572723389,0.8938264012336731,0.8951376628875732
44,none,0.0,no_resync,56,8550,8590,40,150,1.0233407020568848,1.315728577233112,1.0,0.0,0.8292322158813477,0.9060001373291016,0.8990899324417114,0.9014121413230896,0.9038638114929199
44,none,0.0,output_bias_persistent,56,8550,8590,40,150,1.0233407020568848,1.315728577233112,1.0,1.315728577233112,0.1941084861755371,0.1173405647277832,0.12425076961517334,0.12192856073379517,0.11947689056396485
44,none,0.0,output_bias_decay,56,8550,8590,40,150,1.0233407020568848,1.315728577233112,1.0,1.315728577233112,0.337716251862469,0.4144841733102229,0.05579609870910644,0.06193045377731323,0.08113343238830567
44,none,0.0,current_reencode,56,8550,8590,40,150,1.0233407020568848,1.315728577233112,1.0,964.42041015625,0.7224926948547363,0.7992606163024902,0.9458510160446167,0.9384018540382385,0.9323265933990479
44,none,0.0,online_head_update,56,8550,8590,40,150,1.0233407020568848,1.315728577233112,1.0,0.0,0.37885427474975586,0.45562219619750977,0.4486185312271118,0.4509511232376099,0.45340781211853026
44,none,0.0,past_state_jacobian,56,8550,8590,40,150,1.0233407020568848,1.315728577233112,1.0,1.298281192779541,0.8281598091125488,0.9049277305603027,0.8980640172958374,0.9003808975219727,0.9028300189971924
44,none,0.0,oracle_resync,56,8550,8590,40,150,1.0233407020568848,1.315728577233112,1.0,2.2615373134613037,0.827364444732666,0.9041323661804199,0.8973038196563721,0.8996167182922363,0.9020639133453369
44,none,0.0,no_resync,57,8700,8740,40,150,0.8292322158813477,1.0661596098,0.9940713047981262,0.0,0.9658827781677246,0.8785581588745117,0.8955292701721191,0.8910312294960022,0.8878067874908447
44,none,0.0,output_bias_persistent,57,8700,8740,40,150,0.8292322158813477,1.0661596098,0.9940713047981262,1.0661596098,0.13665056228637695,0.04932594299316406,0.06629705429077148,0.06179901361465454,0.05857457160949707
44,none,0.0,output_bias_decay,57,8700,8740,40,150,0.8292322158813477,1.0661596098,0.9940713047981262,1.0661596098,0.5675981490454722,0.48027352975225934,0.12178685665130615,0.16558064222335817,0.18497064590454101
44,none,0.0,current_reencode,57,8700,8740,40,150,0.8292322158813477,1.0661596098,0.9940713047981262,978.57421875,0.7799258232116699,0.692601203918457,0.7065963029861451,0.7151447415351868,0.7131580257415772
44,none,0.0,online_head_update,57,8700,8740,40,150,0.8292322158813477,1.0661596098,0.9940713047981262,0.0,0.5726790428161621,0.4853544235229492,0.5022595643997192,0.4977681636810303,0.49454697608947756
44,none,0.0,past_state_jacobian,57,8700,8740,40,150,0.8292322158813477,1.0661596098,0.9940713047981262,1.0349137783050537,0.9650421142578125,0.8777174949645996,0.8947245121002197,0.8902223467826843,0.8869959163665772
44,none,0.0,oracle_resync,57,8700,8740,40,150,0.8292322158813477,1.0661596098,0.9940713047981262,2.2472004890441895,0.9640579223632812,0.8767333030700684,0.893783688545227,0.8892767071723938,0.8860479068756103
44,none,0.0,no_resync,58,8850,8890,40,150,0.9658827781677246,1.241853833174265,0.9075441360473633,0.0,,,0.8721461296081543,0.8712140083312988,0.8704996490478516
44,none,0.0,output_bias_persistent,58,8850,8890,40,150,0.9658827781677246,1.241853833174265,0.9075441360473633,1.241853833174265,,,0.09373664855957031,0.09466876983642578,0.09538312911987305
44,none,0.0,output_bias_decay,58,8850,8890,40,150,0.9658827781677246,1.241853833174265,0.9075441360473633,1.241853833174265,,,0.0383392333984375,0.059936153888702395,0.07881873130798339
44,none,0.0,current_reencode,58,8850,8890,40,150,0.9658827781677246,1.241853833174265,0.9075441360473633,993.81591796875,,,0.7037625789642334,0.7156145691871643,0.7220877838134766
44,none,0.0,online_head_update,58,8850,8890,40,150,0.9658827781677246,1.241853833174265,0.9075441360473633,0.0,,,0.4342475652694702,0.4333221673965454,0.4326110553741455
44,none,0.0,past_state_jacobian,58,8850,8890,40,150,0.9658827781677246,1.241853833174265,0.9075441360473633,1.1858781576156616,,,0.8712393283843994,0.8703025698661804,0.8695859813690185
44,none,0.0,oracle_resync,58,8850,8890,40,150,0.9658827781677246,1.241853833174265,0.9075441360473633,2.2301952838897705,,,0.870442271232605,0.8695013999938965,0.868782844543457
44,step,0.25,no_resync,47,7200,7240,40,150,0.4903392791748047,0.6304385243872701,0.9199173450469971,0.0,0.8389182090759277,0.8219184875488281,0.7858473777770996,0.7847886919975281,0.7859659671783448
44,step,0.25,output_bias_persistent,47,7200,7240,40,150,0.4903392791748047,0.6304385243872701,0.9199173450469971,0.6304385243872701,0.34857892990112305,0.33157920837402344,0.29550809860229493,0.2944494128227234,0.29562668800354003
44,step,0.25,output_bias_decay,47,7200,7240,40,150,0.4903392791748047,0.6304385243872701,0.9199173450469971,0.6304385243872701,0.6034056539557175,0.5864059324286179,0.32832019329071044,0.35581729412078855,0.3703668785095215
44,step,0.25,current_reencode,47,7200,7240,40,150,0.4903392791748047,0.6304385243872701,0.9199173450469971,827.0650634765625,0.7996306419372559,0.7826309204101562,0.8373131275177002,0.8078405618667602,0.79906081199646
44,step,0.25,online_head_update,47,7200,7240,40,150,0.4903392791748047,0.6304385243872701,0.9199173450469971,0.0,0.6068754196166992,0.5898756980895996,0.5537272453308105,0.5526760816574097,0.5538570690155029
44,step,0.25,past_state_jacobian,47,7200,7240,40,150,0.4903392791748047,0.6304385243872701,0.9199173450469971,0.7320079803466797,0.8382034301757812,0.8212037086486816,0.7851644515991211,0.7841020464897156,0.78527756690979
44,step,0.25,oracle_resync,47,7200,7240,40,150,0.4903392791748047,0.6304385243872701,0.9199173450469971,2.258779525756836,0.8367133140563965,0.8197135925292969,0.7837416887283325,0.7826714754104614,0.7838432121276856
44,step,0.25,no_resync,48,7350,7390,40,150,0.8389182090759277,1.0786130752190721,0.8116595149040222,0.0,0.7982892990112305,0.8932476043701172,0.8336622238159179,0.8340550184249877,0.835633773803711
44,step,0.25,output_bias_persistent,48,7350,7390,40,150,0.8389182090759277,1.0786130752190721,0.8116595149040222,1.0786130752190721,0.040628910064697266,0.05432939529418945,0.005255985260009766,0.004863190650939942,0.004499568939208985
44,step,0.25,output_bias_decay,48,7350,7390,40,150,0.8389182090759277,1.0786130752190721,0.8116595149040222,1.0786130752190721,0.39535243601130166,0.4903107413701884,0.0508819580078125,0.10013070106506347,0.12458806991577148
44,step,0.25,current_reencode,48,7350,7390,40,150,0.8389182090759277,1.0786130752190721,0.8116595149040222,842.170654296875,0.7345948219299316,0.8295531272888184,0.7981080770492553,0.7938039183616639,0.7855139255523682
44,step,0.25,online_head_update,48,7350,7390,40,150,0.8389182090759277,1.0786130752190721,0.8116595149040222,0.0,0.3999166488647461,0.4948749542236328,0.4351769208908081,0.43558216094970703,0.43716668128967284
44,step,0.25,past_state_jacobian,48,7350,7390,40,150,0.8389182090759277,1.0786130752190721,0.8116595149040222,1.2279261350631714,0.797114372253418,0.8920726776123047,0.8325398921966553,0.832926619052887,0.8345024394989013
44,step,0.25,oracle_resync,48,7350,7390,40,150,0.8389182090759277,1.0786130752190721,0.8116595149040222,2.2762601375579834,0.7961115837097168,0.8910698890686035,0.8315831899642945,0.8319645643234252,0.833537826538086
44,step,0.25,no_resync,49,7500,7540,40,150,0.7982888221740723,1.026375100793952,0.8706324100494385,0.0,0.991999626159668,0.9710021018981934,0.9257273197174072,0.931762444972992,0.9330035400390625
44,step,0.25,output_bias_persistent,49,7500,7540,40,150,0.7982888221740723,1.026375100793952,0.8706324100494385,1.026375100793952,0.1937108039855957,0.1727132797241211,0.12743849754333497,0.13347362279891967,0.13471471786499023
44,step,0.25,output_bias_decay,49,7500,7540,40,150,0.7982888221740723,1.026375100793952,0.8706324100494385,1.026375100793952,0.6085772730687289,0.5875797488072543,0.18085765838623047,0.23338261842727662,0.25639427185058594
44,step,0.25,current_reencode,49,7500,7540,40,150,0.7982888221740723,1.026375100793952,0.8706324100494385,857.6405639648438,1.0493674278259277,1.0283699035644531,0.9108236074447632,0.9179940819740295,0.9295561790466309
44,step,0.25,online_head_update,49,7500,7540,40,150,0.7982888221740723,1.026375100793952,0.8706324100494385,0.0,0.6091775894165039,0.5881800651550293,0.542791223526001,0.548837685585022,0.550084342956543
44,step,0.25,past_state_jacobian,49,7500,7540,40,150,0.7982888221740723,1.026375100793952,0.8706324100494385,1.1460627317428589,0.9909248352050781,0.9699273109436035,0.924700117111206,0.9307296991348266,0.9319681262969971
44,step,0.25,oracle_resync,49,7500,7540,40,150,0.7982888221740723,1.026375100793952,0.8706324100494385,2.30606746673584,0.989837646484375,0.9688401222229004,0.9236632108688354,0.9296870231628418,0.9309226703643799
44,step,0.25,no_resync,50,7650,7690,40,150,0.991999626159668,1.2754327606821665,0.9256623983383179,0.0,1.1242375373840332,1.0399556159973145,0.9880358695983886,0.9925824761390686,0.9952680587768554
44,step,0.25,output_bias_persistent,50,7650,7690,40,150,0.991999626159668,1.2754327606821665,0.9256623983383179,1.2754327606821665,0.13223791122436523,0.047955989837646484,0.003963756561279297,0.00458754301071167,0.006472187042236328
44,step,0.25,output_bias_decay,50,7650,7690,40,150,0.991999626159668,1.2754327606821665,0.9256623983383179,1.2754327606821665,0.6477748582604459,0.5634929368737271,0.06260721683502198,0.12483011484146118,0.15455013275146484
44,step,0.25,current_reencode,50,7650,7690,40,150,0.991999626159668,1.2754327606821665,0.9256623983383179,873.45361328125,1.392052173614502,1.3077702522277832,1.1665781736373901,1.178680455684662,1.1756933689117433
44,step,0.25,online_head_update,50,7650,7690,40,150,0.991999626159668,1.2754327606821665,0.9256623983383179,0.0,0.6794071197509766,0.5951251983642578,0.5430702209472656,0.547630500793457,0.5503229618072509
44,step,0.25,past_state_jacobian,50,7650,7690,40,150,0.991999626159668,1.2754327606821665,0.9256623983383179,1.3976150751113892,1.1229510307312012,1.0386691093444824,0.9868067026138305,0.9913467407226563,0.9940291309356689
44,step,0.25,oracle_resync,50,7650,7690,40,150,0.991999626159668,1.2754327606821665,0.9256623983383179,2.3175768852233887,1.122105598449707,1.0378236770629883,0.9860008239746094,0.9905363321304321,0.9932165336608887
44,step,0.25,no_resync,51,7800,7840,40,150,1.1242375373840332,1.4454535547752767,0.8525218963623047,0.0,1.096139907836914,1.0721073150634766,1.0621706962585449,1.064523208141327,1.0650231552124023
44,step,0.25,output_bias_persistent,51,7800,7840,40,150,1.1242375373840332,1.4454535547752767,0.8525218963623047,1.4454535547752767,0.02809762954711914,0.05213022232055664,0.062066841125488284,0.059714329242706296,0.05921438217163086
44,step,0.25,output_bias_decay,51,7800,7840,40,150,1.1242375373840332,1.4454535547752767,0.8525218963623047,1.4454535547752767,0.5561626589472217,0.5321300661737842,0.038277697563171384,0.09354531764984131,0.12219359397888184
44,step,0.25,current_reencode,51,7800,7840,40,150,1.1242375373840332,1.4454535547752767,0.8525218963623047,888.9293823242188,1.16847562789917,1.1444430351257324,1.2666554212570191,1.2782918214797974,1.2766407585144044
44,step,0.25,online_head_update,51,7800,7840,40,150,1.1242375373840332,1.4454535547752767,0.8525218963623047,0.0,0.6334285736083984,0.6093959808349609,0.5993214607238769,0.6016878962516785,0.602195053100586
44,step,0.25,past_state_jacobian,51,7800,7840,40,150,1.1242375373840332,1.4454535547752767,0.8525218963623047,1.5554225444793701,1.0947346687316895,1.070702075958252,1.0608279705047607,1.0631734132766724,1.0636698818206787
44,step,0.25,oracle_resync,51,7800,7840,40,150,1.1242375373840332,1.4454535547752767,0.8525218963623047,2.3266751766204834,1.094038486480713,1.0700058937072754,1.0601646900177002,1.062506330013275,1.0630009651184082
44,step,0.25,no_resync,52,7950,7990,40,150,1.096139907836914,1.409327898800343,0.9834389686584473,0.0,1.142585277557373,1.0916314125061035,1.1029498815536498,1.1044685006141663,1.1051743888854981
44,step,0.25,output_bias_persistent,52,7950,7990,40,150,1.096139907836914,1.409327898800343,0.9834389686584473,1.409327898800343,0.046445369720458984,0.004508495330810547,0.006832480430603027,0.00833984613418579,0.00904348373413086
44,step,0.25,output_bias_decay,52,7950,7990,40,150,1.096139907836914,1.409327898800343,0.9834389686584473,1.409327898800343,0.6161034690872187,0.5651496040359492,0.08016047477722169,0.14551478624343872,0.1761141014099121
44,step,0.25,current_reencode,52,7950,7990,40,150,1.096139907836914,1.409327898800343,0.9834389686584473,903.0697021484375,1.1446290016174316,1.093675136566162,1.0451921224594116,1.0435553669929505,1.0394430446624756
44,step,0.25,online_head_update,52,7950,7990,40,150,1.096139907836914,1.409327898800343,0.9834389686584473,0.0,0.6801548004150391,0.6292009353637695,0.640415096282959,0.6419430732727051,0.6426537322998047
44,step,0.25,past_state_jacobian,52,7950,7990,40,150,1.096139907836914,1.409327898800343,0.9834389686584473,1.4899314641952515,1.1412644386291504,1.0903105735778809,1.101686668395996,1.1031987190246582,1.1039013862609863
44,step,0.25,oracle_resync,52,7950,7990,40,150,1.096139907836914,1.409327898800343,0.9834389686584473,2.329324245452881,1.1405200958251953,1.0895662307739258,1.1009772062301635,1.1024852871894837,1.1031860637664794
44,step,0.25,no_resync,53,8100,8140,40,150,1.142585277557373,1.4690435927999437,0.9124440550804138,0.0,1.2817659378051758,1.1320180892944336,1.095799970626831,1.1055429816246032,1.1089978790283204
44,step,0.25,output_bias_persistent,53,8100,8140,40,150,1.142585277557373,1.4690435927999437,0.9124440550804138,1.4690435927999437,0.13918066024780273,0.010567188262939453,0.04678530693054199,0.037042295932769774,0.03358739852905274
44,step,0.25,output_bias_decay,53,8100,8140,40,150,1.142585277557373,1.4690435927999437,0.9124440550804138,1.4690435927999437,0.7329761720472092,0.583228323536467,0.04303274154663086,0.1126365065574646,0.14591552734375
44,step,0.25,current_reencode,53,8100,8140,40,150,1.142585277557373,1.4690435927999437,0.9124440550804138,918.5302124023438,1.3727226257324219,1.2229747772216797,1.075667929649353,1.0687772274017333,1.0734364318847656
44,step,0.25,online_head_update,53,8100,8140,40,150,1.142585277557373,1.4690435927999437,0.9124440550804138,0.0,0.8195533752441406,0.6698055267333984,0.6334861278533935,0.6432387828826904,0.6466984558105469
44,step,0.25,past_state_jacobian,53,8100,8140,40,150,1.142585277557373,1.4690435927999437,0.9124440550804138,1.5256972312927246,1.2804369926452637,1.1306891441345215,1.0945296049118043,1.1042659997940063,1.107717695236206
44,step,0.25,oracle_resync,53,8100,8140,40,150,1.142585277557373,1.4690435927999437,0.9124440550804138,2.3267838954925537,1.2797398567199707,1.1299920082092285,1.093864345550537,1.103597092628479,1.1070470142364501
44,step,0.25,no_resync,54,8250,8290,40,150,1.2817659378051758,1.647990811178078,0.9906064867973328,0.0,1.1712770462036133,1.172365665435791,1.1389984369277955,1.1360065698623658,1.1362748527526856
44,step,0.25,output_bias_persistent,54,8250,8290,40,150,1.2817659378051758,1.647990811178078,0.9906064867973328,1.647990811178078,0.1104888916015625,0.10940027236938477,0.14276750087738038,0.14575936794281005,0.14549108505249023
44,step,0.25,output_bias_decay,54,8250,8290,40,150,1.2817659378051758,1.647990811178078,0.9906064867973328,1.647990811178078,0.5556380715194491,0.5567266907516268,0.05966641902923584,0.0729895830154419,0.09654742240905761
44,step,0.25,current_reencode,54,8250,8290,40,150,1.2817659378051758,1.647990811178078,0.9906064867973328,933.9838256835938,1.2252845764160156,1.2263731956481934,1.217871904373169,1.2232343912124635,1.2159128665924073
44,step,0.25,online_head_update,54,8250,8290,40,150,1.2817659378051758,1.647990811178078,0.9906064867973328,0.0,0.7092905044555664,0.7103791236877441,0.6769028902053833,0.673922348022461,0.6741963481903076
44,step,0.25,past_state_jacobian,54,8250,8290,40,150,1.2817659378051758,1.647990811178078,0.9906064867973328,1.6820122003555298,1.1698389053344727,1.1709275245666504,1.137622880935669,1.1346237540245057,1.1348885345458983
44,step,0.25,oracle_resync,54,8250,8290,40,150,1.2817659378051758,1.647990811178078,0.9906064867973328,2.327519655227661,1.1692867279052734,1.1703753471374512,1.1370962858200073,1.1340942859649659,1.134357681274414
44,step,0.25,no_resync,55,8400,8440,40,150,1.1712770462036133,1.5059331446992688,0.9938316941261292,0.0,1.331843376159668,1.2174663543701172,1.1882872819900512,1.192625892162323,1.1949727630615234
44,step,0.25,output_bias_persistent,55,8400,8440,40,150,1.1712770462036133,1.5059331446992688,0.9938316941261292,1.5059331446992688,0.1605663299560547,0.046189308166503906,0.01701023578643799,0.021348845958709717,0.023695716857910155
44,step,0.25,output_bias_decay,55,8400,8440,40,150,1.1712770462036133,1.5059331446992688,0.9938316941261292,1.5059331446992688,0.7692728018232708,0.6548957800337201,0.09538869857788086,0.16793874502182007,0.20222816467285157
44,step,0.25,current_reencode,55,8400,8440,40,150,1.1712770462036133,1.5059331446992688,0.9938316941261292,949.1220092773438,1.4022893905639648,1.287912368774414,1.266362237930298,1.2805047750473022,1.2925897121429444
44,step,0.25,online_head_update,55,8400,8440,40,150,1.1712770462036133,1.5059331446992688,0.9938316941261292,0.0,0.870091438293457,0.7557144165039062,0.7264335632324219,0.7307822942733765,0.7331343746185303
44,step,0.25,past_state_jacobian,55,8400,8440,40,150,1.1712770462036133,1.5059331446992688,0.9938316941261292,1.5111913681030273,1.3305730819702148,1.216196060180664,1.1870723247528077,1.1914047241210937,1.1937485218048096
44,step,0.25,oracle_resync,55,8400,8440,40,150,1.1712770462036133,1.5059331446992688,0.9938316941261292,2.332458972930908,1.329883098602295,1.2155060768127441,1.1864134788513183,1.1907423257827758,1.1930844402313232
44,step,0.25,no_resync,56,8550,8590,40,150,1.331843376159668,1.712376324805359,1.0,0.0,1.1785483360290527,1.2553162574768066,1.2181898355484009,1.2217113971710205,1.2251975059509277
44,step,0.25,output_bias_persistent,56,8550,8590,40,150,1.331843376159668,1.712376324805359,1.0,1.712376324805359,0.15329504013061523,0.07652711868286133,0.11365354061126709,0.11013197898864746,0.10664587020874024
44,step,0.25,output_bias_decay,56,8550,8590,40,150,1.331843376159668,1.712376324805359,1.0,1.712376324805359,0.5388569022382281,0.615624823685982,0.04509968757629394,0.09136852025985717,0.12421303749084472
44,step,0.25,current_reencode,56,8550,8590,40,150,1.331843376159668,1.712376324805359,1.0,964.3707275390625,1.0860590934753418,1.1628270149230957,1.2816503047943115,1.2800751090049745,1.2721070289611816
44,step,0.25,online_head_update,56,8550,8590,40,150,1.331843376159668,1.712376324805359,1.0,0.0,0.7170162200927734,0.7937841415405273,0.7565629959106446,0.7600952506065368,0.7635865116119385
44,step,0.25,past_state_jacobian,56,8550,8590,40,150,1.331843376159668,1.712376324805359,1.0,1.6901180744171143,1.1771516799926758,1.2539196014404297,1.2168534994125366,1.2203681826591493,1.223850965499878
44,step,0.25,oracle_resync,56,8550,8590,40,150,1.331843376159668,1.712376324805359,1.0,2.333866834640503,1.176619529724121,1.253387451171875,1.2163456916809081,1.2198575615882874,1.223339033126831
44,step,0.25,no_resync,57,8700,8740,40,150,1.1785483360290527,1.5152819801334947,0.9940713047981262,0.0,1.3776264190673828,1.29030179977417,1.2649619817733764,1.2647812008857726,1.263533229827881
44,step,0.25,output_bias_persistent,57,8700,8740,40,150,1.1785483360290527,1.5152819801334947,0.9940713047981262,1.5152819801334947,0.19907808303833008,0.11175346374511719,0.08641364574432372,0.08623286485671997,0.08498489379882812
44,step,0.25,output_bias_decay,57,8700,8740,40,150,1.1785483360290527,1.5152819801334947,0.9940713047981262,1.5152819801334947,0.8115634056820662,0.7242387863888533,0.16527864933013917,0.23373281955718994,0.26462570190429685
44,step,0.25,current_reencode,57,8700,8740,40,150,1.1785483360290527,1.5152819801334947,0.9940713047981262,978.4102172851562,1.195040225982666,1.1077156066894531,1.0827516794204712,1.0932605028152467,1.0949381160736085
44,step,0.25,online_head_update,57,8700,8740,40,150,1.1785483360290527,1.5152819801334947,0.9940713047981262,0.0,0.9162721633911133,0.8289475440979004,0.8035359621047974,0.8033624649047851,0.8021180152893066
44,step,0.25,past_state_jacobian,57,8700,8740,40,150,1.1785483360290527,1.5152819801334947,0.9940713047981262,1.4712923765182495,1.3764314651489258,1.289106845855713,1.2638179302215575,1.2636313796043397,1.262380599975586
44,step,0.25,oracle_resync,57,8700,8740,40,150,1.1785483360290527,1.5152819801334947,0.9940713047981262,2.3365535736083984,1.3757286071777344,1.2884039878845215,1.263146162033081,1.2629560828208923,1.2617035675048829
44,step,0.25,no_resync,58,8850,8890,40,150,1.3776264190673828,1.7712404526420544,0.9075441360473633,0.0,,,1.3020906925201416,1.3050885319709777,1.3060648441314697
44,step,0.25,output_bias_persistent,58,8850,8890,40,150,1.3776264190673828,1.7712404526420544,0.9075441360473633,1.7712404526420544,,,0.07553572654724121,0.07253788709640503,0.07156157493591309
44,step,0.25,output_bias_decay,58,8850,8890,40,150,1.3776264190673828,1.7712404526420544,0.9075441360473633,1.7712404526420544,,,0.05043189525604248,0.1167678952217102,0.1519361400604248
44,step,0.25,current_reencode,58,8850,8890,40,150,1.3776264190673828,1.7712404526420544,0.9075441360473633,993.5889892578125,,,1.1375838279724122,1.1522082924842834,1.1613077926635742
44,step,0.25,online_head_update,58,8850,8890,40,150,1.3776264190673828,1.7712404526420544,0.9075441360473633,0.0,,,0.8408001661300659,0.8438048243522644,0.8447844028472901
44,step,0.25,past_state_jacobian,58,8850,8890,40,150,1.3776264190673828,1.7712404526420544,0.9075441360473633,1.6918835639953613,,,1.3007972955703735,1.3037886500358582,1.304761791229248
44,step,0.25,oracle_resync,58,8850,8890,40,150,1.3776264190673828,1.7712404526420544,0.9075441360473633,2.3402881622314453,,,1.3003026962280273,1.3032914757728578,1.3042634105682374
44,ramp,0.25,no_resync,47,7200,7240,40,150,0.4903392791748047,0.6304385243872701,0.9199173450469971,0.0,0.7946052551269531,0.7776055335998535,0.7744718790054321,0.7708123683929443,0.7703934001922608
44,ramp,0.25,output_bias_persistent,47,7200,7240,40,150,0.4903392791748047,0.6304385243872701,0.9199173450469971,0.6304385243872701,0.30426597595214844,0.28726625442504883,0.28413259983062744,0.2804730892181396,0.2800541210174561
44,ramp,0.25,output_bias_decay,47,7200,7240,40,150,0.4903392791748047,0.6304385243872701,0.9199173450469971,0.6304385243872701,0.5590927000067429,0.5420929784796433,0.31694469451904295,0.3418409705162048,0.3547943115234375
44,ramp,0.25,current_reencode,47,7200,7240,40,150,0.4903392791748047,0.6304385243872701,0.9199173450469971,827.0379638671875,0.7493538856506348,0.7323541641235352,0.8110270500183105,0.7824366331100464,0.7730413150787353
44,ramp,0.25,online_head_update,47,7200,7240,40,150,0.4903392791748047,0.6304385243872701,0.9199173450469971,0.0,0.5625615119934082,0.5455617904663086,0.5423511981964111,0.5386991858482361,0.5382838821411133
44,ramp,0.25,past_state_jacobian,47,7200,7240,40,150,0.4903392791748047,0.6304385243872701,0.9199173450469971,0.732007622718811,0.7938904762268066,0.776890754699707,0.7737889051437378,0.7701257586479187,0.7697050094604492
44,ramp,0.25,oracle_resync,47,7200,7240,40,150,0.4903392791748047,0.6304385243872701,0.9199173450469971,2.2507526874542236,0.7924084663391113,0.7754087448120117,0.7723737478256225,0.76870276927948,0.7682782554626465
44,ramp,0.25,no_resync,48,7350,7390,40,150,0.7946052551269531,1.0216390686784431,0.8116595149040222,0.0,0.7150206565856934,0.8099789619445801,0.7734295129776001,0.7714390873908996,0.7718170356750488
44,ramp,0.25,output_bias_persistent,48,7350,7390,40,150,0.7946052551269531,1.0216390686784431,0.8116595149040222,1.0216390686784431,0.07958459854125977,0.015373706817626953,0.021175742149353027,0.023166167736053466,0.022788219451904297
44,ramp,0.25,output_bias_decay,48,7350,7390,40,150,0.7946052551269531,1.0216390686784431,0.8116595149040222,1.0216390686784431,0.3333675402744056,0.42832584563329235,0.034010672569274904,0.07728866338729859,0.09913535118103027
44,ramp,0.25,current_reencode,48,7350,7390,40,150,0.7946052551269531,1.0216390686784431,0.8116595149040222,842.1670532226562,0.6507282257080078,0.7456865310668945,0.7383037328720092,0.7307295799255371,0.7204101943969726
44,ramp,0.25,online_head_update,48,7350,7390,40,150,0.7946052551269531,1.0216390686784431,0.8116595149040222,0.0,0.33339738845825195,0.42835569381713867,0.3916966676712036,0.3897183299064636,0.39010190963745117
44,ramp,0.25,past_state_jacobian,48,7350,7390,40,150,0.7946052551269531,1.0216390686784431,0.8116595149040222,1.1630475521087646,0.7139077186584473,0.808866024017334,0.7723665952682495,0.7703703165054321,0.7707454872131347
44,ramp,0.25,oracle_resync,48,7350,7390,40,150,0.7946052551269531,1.0216390686784431,0.8116595149040222,2.2448806762695312,0.7128729820251465,0.8078312873840332,0.7713785886764526,0.7693769216537476,0.7697495079040527
44,ramp,0.25,no_resync,49,7500,7540,40,150,0.7150206565856934,0.9193156387612196,0.8706324100494385,0.0,0.8981218338012695,0.8771243095397949,0.835228419303894,0.8404445290565491,0.8413266658782959
44,ramp,0.25,output_bias_persistent,49,7500,7540,40,150,0.7150206565856934,0.9193156387612196,0.8706324100494385,0.9193156387612196,0.18310117721557617,0.16210365295410156,0.12020776271820069,0.1254238724708557,0.12630600929260255
44,ramp,0.25,output_bias_decay,49,7500,7540,40,150,0.7150206565856934,0.9193156387612196,0.8706324100494385,0.9193156387612196,0.5546936220544518,0.5336960977929772,0.16805484294891357,0.21491149663925171,0.2352933406829834
44,ramp,0.25,current_reencode,49,7500,7540,40,150,0.7150206565856934,0.9193156387612196,0.8706324100494385,857.6609497070312,0.9562625885009766,0.935265064239502,0.8206676483154297,0.827569580078125,0.8387274932861328
44,ramp,0.25,online_head_update,49,7500,7540,40,150,0.7150206565856934,0.9193156387612196,0.8706324100494385,0.0,0.5548801422119141,0.5338826179504395,0.4918813228607178,0.4971079587936401,0.49799522399902346
44,ramp,0.25,past_state_jacobian,49,7500,7540,40,150,0.7150206565856934,0.9193156387612196,0.8706324100494385,1.0265023708343506,0.8971590995788574,0.8761615753173828,0.8343082189559936,0.8395194172859192,0.8403991794586182
44,ramp,0.25,oracle_resync,49,7500,7540,40,150,0.7150206565856934,0.9193156387612196,0.8706324100494385,2.2737088203430176,0.8959894180297852,0.8749918937683105,0.8331923484802246,0.8383972883224488,0.8392740631103516
44,ramp,0.25,no_resync,50,7650,7690,40,150,0.8981218338012695,1.1547322999995862,0.9256623983383179,0.0,1.0332345962524414,0.9489526748657227,0.895325493812561,0.9000476598739624,0.9028197765350342
44,ramp,0.25,output_bias_persistent,50,7650,7690,40,150,0.8981218338012695,1.1547322999995862,0.9256623983383179,1.1547322999995862,0.13511276245117188,0.050830841064453125,0.0029469728469848633,0.0047974824905395504,0.006995267868041992
44,ramp,0.25,output_bias_decay,50,7650,7690,40,150,0.8981218338012695,1.1547322999995862,0.9256623983383179,1.1547322999995862,0.6018619184532001,0.5175799970664814,0.057454919815063475,0.11440508365631104,0.14165521621704102
44,ramp,0.25,current_reencode,50,7650,7690,40,150,0.8981218338012695,1.1547322999995862,0.9256623983383179,873.4642333984375,1.2995123863220215,1.2152304649353027,1.0737768173217774,1.086119496822357,1.0832115745544433
44,ramp,0.25,online_head_update,50,7650,7690,40,150,0.8981218338012695,1.1547322999995862,0.9256623983383179,0.0,0.6127409934997559,0.5284590721130371,0.47470190525054934,0.4794371724128723,0.48221590995788577
44,ramp,0.25,past_state_jacobian,50,7650,7690,40,150,0.8981218338012695,1.1547322999995862,0.9256623983383179,1.2653346061706543,1.0320701599121094,0.9477882385253906,0.8942128658294678,0.8989290356636047,0.9016982746124268
44,ramp,0.25,oracle_resync,50,7650,7690,40,150,0.8981218338012695,1.1547322999995862,0.9256623983383179,2.2927701473236084,1.0311250686645508,0.946843147277832,0.8933115005493164,0.8980226755142212,0.9007894706726074
44,ramp,0.25,no_resync,51,7800,7840,40,150,1.0332345962524414,1.328449344917862,0.8525218963623047,0.0,1.0083866119384766,0.9843540191650391,0.9720259666442871,0.9745593905448914,0.9751520538330078
44,ramp,0.25,output_bias_persistent,51,7800,7840,40,150,1.0332345962524414,1.328449344917862,0.8525218963623047,1.328449344917862,0.024847984313964844,0.048880577087402344,0.0612086296081543,0.05867520570755005,0.05808254241943359
44,ramp,0.25,output_bias_decay,51,7800,7840,40,150,1.0332345962524414,1.328449344917862,0.8525218963623047,1.328449344917862,0.5121185580890506,0.4880859653156131,0.03475940227508545,0.08405162096023559,0.1101395034790039
44,ramp,0.25,current_reencode,51,7800,7840,40,150,1.0332345962524414,1.328449344917862,0.8525218963623047,888.9366455078125,1.080521583557129,1.0564889907836914,1.1761168479919433,1.187977147102356,1.1864302825927735
44,ramp,0.25,online_head_update,51,7800,7840,40,150,1.0332345962524414,1.328449344917862,0.8525218963623047,0.0,0.5549712181091309,0.5309386253356934,0.5184748888015747,0.5210220456123352,0.5216218948364257
44,ramp,0.25,past_state_jacobian,51,7800,7840,40,150,1.0332345962524414,1.328449344917862,0.8525218963623047,1.429497241973877,1.0070953369140625,0.983062744140625,0.9707917690277099,0.9733186960220337,0.9739081859588623
44,ramp,0.25,oracle_resync,51,7800,7840,40,150,1.0332345962524414,1.328449344917862,0.8525218963623047,2.309450149536133,1.0063014030456543,0.9822688102722168,0.9700345993041992,0.972557258605957,0.973144702911377
44,ramp,0.25,no_resync,52,7950,7990,40,150,1.0083866119384766,1.2965018195406233,0.9834389686584473,0.0,1.0603184700012207,1.0093646049499512,1.0170036554336548,1.0188878893852233,1.0197780513763428
44,ramp,0.25,output_bias_persistent,52,7950,7990,40,150,1.0083866119384766,1.2965018195406233,0.9834389686584473,1.2965018195406233,0.05193185806274414,0.0009779930114746094,0.008617043495178223,0.010501277446746827,0.011391439437866212
44,ramp,0.25,output_bias_decay,52,7950,7990,40,150,1.0083866119384766,1.2965018195406233,0.9834389686584473,1.2965018195406233,0.5759850347391877,0.5250311696879182,0.0760953187942505,0.13670477867126465,0.16509523391723632
44,ramp,0.25,current_reencode,52,7950,7990,40,150,1.0083866119384766,1.2965018195406233,0.9834389686584473,903.0775756835938,1.0621438026428223,1.0111899375915527,0.9590457439422607,0.9577865958213806,0.9538563442230225
44,ramp,0.25,online_head_update,52,7950,7990,40,150,1.0083866119384766,1.2965018195406233,0.9834389686584473,0.0,0.6124553680419922,0.5615015029907227,0.5690379858016967,0.570931339263916,0.5718261528015137
44,ramp,0.25,past_state_jacobian,52,7950,7990,40,150,1.0083866119384766,1.2965018195406233,0.9834389686584473,1.3706332445144653,1.059103012084961,1.0081491470336914,1.015841555595398,1.0177197217941285,1.0186069107055664
44,ramp,0.25,oracle_resync,52,7950,7990,40,150,1.0083866119384766,1.2965018195406233,0.9834389686584473,2.3154287338256836,1.0582656860351562,1.0073118209838867,1.0150429248809814,1.0169166326522827,1.0178016567230224
44,ramp,0.25,no_resync,53,8100,8140,40,150,1.0603184700012207,1.3632715958083204,0.9124440550804138,0.0,1.2043724060058594,1.0546245574951172,1.015366554260254,1.0254441380500794,1.0290595817565917
44,ramp,0.25,output_bias_persistent,53,8100,8140,40,150,1.0603184700012207,1.3632715958083204,0.9124440550804138,1.3632715958083204,0.14405393600463867,0.005693912506103516,0.0449519157409668,0.034874331951141355,0.031258888244628906
44,ramp,0.25,output_bias_decay,53,8100,8140,40,150,1.0603184700012207,1.3632715958083204,0.9124440550804138,1.3632715958083204,0.6950958240208474,0.5453479755101052,0.039546847343444824,0.10460133552551269,0.13577877044677733
44,ramp,0.25,current_reencode,53,8100,8140,40,150,1.0603184700012207,1.3632715958083204,0.9124440550804138,918.5384521484375,1.2952337265014648,1.1454858779907227,0.9950729846954346,0.9885157585144043,0.9933368492126465
44,ramp,0.25,online_head_update,53,8100,8140,40,150,1.0603184700012207,1.3632715958083204,0.9124440550804138,0.0,0.7455391883850098,0.5957913398742676,0.5564324617385864,0.5665196061134339,0.5701398086547852
44,ramp,0.25,past_state_jacobian,53,8100,8140,40,150,1.0603184700012207,1.3632715958083204,0.9124440550804138,1.415825366973877,1.203138828277588,1.0533909797668457,1.0141874074935913,1.0242587804794312,1.0278712272644044
44,ramp,0.25,oracle_resync,53,8100,8140,40,150,1.0603184700012207,1.3632715958083204,0.9124440550804138,2.3135616779327393,1.2023577690124512,1.052609920501709,1.013442087173462,1.0235094666481017,1.0271199607849122
44,ramp,0.25,no_resync,54,8250,8290,40,150,1.2043724060058594,1.5484844773865196,0.9906064867973328,0.0,1.097496509552002,1.0985851287841797,1.0629364490509032,1.0601943969726562,1.0605841255187989
44,ramp,0.25,output_bias_persistent,54,8250,8290,40,150,1.2043724060058594,1.5484844773865196,0.9906064867973328,1.5484844773865196,0.10687589645385742,0.10578727722167969,0.14143595695495606,0.14417800903320313,0.14378828048706055
44,ramp,0.25,output_bias_decay,54,8250,8290,40,150,1.2043724060058594,1.5484844773865196,0.9906064867973328,1.5484844773865196,0.5190300584611114,0.5201186776932891,0.061833882331848146,0.06789227724075317,0.0888594627380371
44,ramp,0.25,current_reencode,54,8250,8290,40,150,1.2043724060058594,1.5484844773865196,0.9906064867973328,933.9921875,1.151355266571045,1.1524438858032227,1.1416471958160401,1.1472328662872315,1.1400423240661621
44,ramp,0.25,online_head_update,54,8250,8290,40,150,1.2043724060058594,1.5484844773865196,0.9906064867973328,0.0,0.6355085372924805,0.6365971565246582,0.6008397579193115,0.5981090664863586,0.5985045433044434
44,ramp,0.25,past_state_jacobian,54,8250,8290,40,150,1.2043724060058594,1.5484844773865196,0.9906064867973328,1.5804286003112793,1.0961451530456543,1.097233772277832,1.0616437673568726,1.0588950157165526,1.059281530380249
44,ramp,0.25,oracle_resync,54,8250,8290,40,150,1.2043724060058594,1.5484844773865196,0.9906064867973328,2.315807819366455,1.0955157279968262,1.096604347229004,1.061043953895569,1.0582918763160705,1.0586767482757569
44,ramp,0.25,no_resync,55,8400,8440,40,150,1.097496509552002,1.4110721073917507,0.9938316941261292,0.0,1.2615032196044922,1.1471261978149414,1.1156774044036866,1.1202424049377442,1.1227015781402587
44,ramp,0.25,output_bias_persistent,55,8400,8440,40,150,1.097496509552002,1.4110721073917507,0.9938316941261292,1.4110721073917507,0.16400671005249023,0.04962968826293945,0.01818089485168457,0.022745895385742187,0.025205068588256836
44,ramp,0.25,output_bias_decay,55,8400,8440,40,150,1.097496509552002,1.4110721073917507,0.9938316941261292,1.4110721073917507,0.7343698281391138,0.619992806349563,0.0916222095489502,0.16010189056396484,0.19249150276184082
44,ramp,0.25,current_reencode,55,8400,8440,40,150,1.097496509552002,1.4110721073917507,0.9938316941261292,949.1303100585938,1.3318185806274414,1.2174415588378906,1.193606162071228,1.207991635799408,1.2201936149597168
44,ramp,0.25,online_head_update,55,8400,8440,40,150,1.097496509552002,1.4110721073917507,0.9938316941261292,0.0,0.7997498512268066,0.6853728294372559,0.6538225650787354,0.6583976507186889,0.6608620834350586
44,ramp,0.25,past_state_jacobian,55,8400,8440,40,150,1.097496509552002,1.4110721073917507,0.9938316941261292,1.415978193283081,1.2603130340576172,1.1459360122680664,1.1145390272140503,1.1190982103347777,1.121554536819458
44,ramp,0.25,oracle_resync,55,8400,8440,40,150,1.097496509552002,1.4110721073917507,0.9938316941261292,2.3225667476654053,1.2595515251159668,1.145174503326416,1.1138118267059327,1.1183670520782472,1.1208214855194092
44,ramp,0.25,no_resync,56,8550,8590,40,150,1.2615032196044922,1.6219386495319374,1.0,0.0,1.1125612258911133,1.1893291473388672,1.1490609407424928,1.152834939956665,1.1564493465423584
44,ramp,0.25,output_bias_persistent,56,8550,8590,40,150,1.2615032196044922,1.6219386495319374,1.0,1.6219386495319374,0.1489419937133789,0.072174072265625,0.1124422788619995,0.10866827964782715,0.10505387306213379
44,ramp,0.25,output_bias_decay,56,8550,8590,40,150,1.2615032196044922,1.6219386495319374,1.0,1.6219386495319374,0.5066545421732265,0.5834224636209804,0.044280290603637695,0.08536698818206787,0.11615389823913574
44,ramp,0.25,current_reencode,56,8550,8590,40,150,1.2615032196044922,1.6219386495319374,1.0,964.37890625,1.0199098587036133,1.0966777801513672,1.2123804092407227,1.2110606908798218,1.2032279777526855
44,ramp,0.25,online_head_update,56,8550,8590,40,150,1.2615032196044922,1.6219386495319374,1.0,0.0,0.6510286331176758,0.7277965545654297,0.6874330997467041,0.6912178039550781,0.6948373413085938
44,ramp,0.25,past_state_jacobian,56,8550,8590,40,150,1.2615032196044922,1.6219386495319374,1.0,1.600832462310791,1.1112384796142578,1.1880064010620117,1.1477952957153321,1.1515627264976502,1.1551739406585693
44,ramp,0.25,oracle_resync,56,8550,8590,40,150,1.2615032196044922,1.6219386495319374,1.0,2.324509382247925,1.110640525817871,1.187408447265625,1.1472240924835204,1.150988483428955,1.1545982360839844
44,ramp,0.25,no_resync,57,8700,8740,40,150,1.1125612258911133,1.4304410993173524,0.9940713047981262,0.0,1.3170194625854492,1.2296948432922363,1.2008035898208618,1.200985586643219,1.1999183368682862
44,ramp,0.25,output_bias_persistent,57,8700,8740,40,150,1.1125612258911133,1.4304410993173524,0.9940713047981262,1.4304410993173524,0.20445823669433594,0.11713361740112305,0.08824236392974853,0.08842436075210572,0.08735711097717286
44,ramp,0.25,output_bias_decay,57,8700,8740,40,150,1.1125612258911133,1.4304410993173524,0.9940713047981262,1.4304410993173524,0.7826504080029819,0.695325788709769,0.16269176006317138,0.2276657462120056,0.2569397830963135
44,ramp,0.25,current_reencode,57,8700,8740,40,150,1.1125612258911133,1.4304410993173524,0.9940713047981262,978.4194946289062,1.134322166442871,1.0469975471496582,1.0184656381607056,1.0293436884880065,1.031203088760376
44,ramp,0.25,online_head_update,57,8700,8740,40,150,1.1125612258911133,1.4304410993173524,0.9940713047981262,0.0,0.8556647300720215,0.7683401107788086,0.7393768072128296,0.7395660758018494,0.7385023307800292
44,ramp,0.25,past_state_jacobian,57,8700,8740,40,150,1.1125612258911133,1.4304410993173524,0.9940713047981262,1.3888943195343018,1.3158907890319824,1.2285661697387695,1.1997235774993897,1.1999000668525697,1.198830108642578
44,ramp,0.25,oracle_resync,57,8700,8740,40,150,1.1125612258911133,1.4304410993173524,0.9940713047981262,2.327838182449341,1.3151288032531738,1.227804183959961,1.1989946603775024,1.1991674065589906,1.198095636367798
44,ramp,0.25,no_resync,58,8850,8890,40,150,1.3170194625854492,1.6933169375682147,0.9075441360473633,0.0,,,1.243092679977417,1.2463665723800659,1.2474790573120118
44,ramp,0.25,output_bias_persistent,58,8850,8890,40,150,1.3170194625854492,1.6933169375682147,0.9075441360473633,1.6933169375682147,,,0.07392678260803223,0.0706528902053833,0.0695404052734375
44,ramp,0.25,output_bias_decay,58,8850,8890,40,150,1.3170194625854492,1.6933169375682147,0.9075441360473633,1.6933169375682147,,,0.04826059341430664,0.11120538711547852,0.1448294162750244
44,ramp,0.25,current_reencode,58,8850,8890,40,150,1.3170194625854492,1.6933169375682147,0.9075441360473633,993.5986328125,,,1.0784804105758667,1.093386447429657,1.1026210021972656
44,ramp,0.25,online_head_update,58,8850,8890,40,150,1.3170194625854492,1.6933169375682147,0.9075441360473633,0.0,,,0.7818014860153198,0.7850821733474731,0.7861979103088379
44,ramp,0.25,past_state_jacobian,58,8850,8890,40,150,1.3170194625854492,1.6933169375682147,0.9075441360473633,1.6174285411834717,,,1.2418561697006225,1.2451237082481383,1.2462331390380859
44,ramp,0.25,oracle_resync,58,8850,8890,40,150,1.3170194625854492,1.6933169375682147,0.9075441360473633,2.331979274749756,,,1.2413110256195068,1.244575834274292,1.245683937072754
44,random_walk,0.25,no_resync,47,7200,7240,40,150,0.4903392791748047,0.6304385243872701,0.9199173450469971,0.0,0.7906703948974609,0.7736706733703613,0.7744224309921265,0.7705988049507141,0.7700542449951172
44,random_walk,0.25,output_bias_persistent,47,7200,7240,40,150,0.4903392791748047,0.6304385243872701,0.9199173450469971,0.6304385243872701,0.30033111572265625,0.28333139419555664,0.2840831518173218,0.2802595257759094,0.2797149658203125
44,random_walk,0.25,output_bias_decay,47,7200,7240,40,150,0.4903392791748047,0.6304385243872701,0.9199173450469971,0.6304385243872701,0.5551578397772508,0.5381581182501511,0.3168952465057373,0.3416274070739746,0.35445515632629393
44,random_walk,0.25,current_reencode,47,7200,7240,40,150,0.4903392791748047,0.6304385243872701,0.9199173450469971,827.036865234375,0.7429423332214355,0.7259426116943359,0.8098942756652832,0.781320321559906,0.7718325710296631
44,random_walk,0.25,online_head_update,47,7200,7240,40,150,0.4903392791748047,0.6304385243872701,0.9199173450469971,0.0,0.5586261749267578,0.5416264533996582,0.5423017740249634,0.5384855628013611,0.5379446887969971
44,random_walk,0.25,past_state_jacobian,47,7200,7240,40,150,0.4903392791748047,0.6304385243872701,0.9199173450469971,0.732007622718811,0.7899556159973145,0.7729558944702148,0.7737394094467163,0.7699120759963989,0.7693657779693603
44,random_walk,0.25,oracle_resync,47,7200,7240,40,150,0.4903392791748047,0.6304385243872701,0.9199173450469971,2.2505698204040527,0.7884736061096191,0.7714738845825195,0.7723244667053223,0.7684893608093262,0.767939281463623
44,random_walk,0.25,no_resync,48,7350,7390,40,150,0.7906703948974609,1.016579944145475,0.8116595149040222,0.0,0.6905994415283203,0.785557746887207,0.7647422790527344,0.7617847204208374,0.7615705680847168
44,random_walk,0.25,output_bias_persistent,48,7350,7390,40,150,0.7906703948974609,1.016579944145475,0.8116595149040222,1.016579944145475,0.10007095336914062,0.005112648010253906,0.02592811584472656,0.028885674476623536,0.02909982681274414
44,random_walk,0.25,output_bias_decay,48,7350,7390,40,150,0.7906703948974609,1.016579944145475,0.8116595149040222,1.016579944145475,0.3108362594443044,0.4057945648031911,0.03035888671875,0.07175862789154053,0.0927695369720459
44,random_walk,0.25,current_reencode,48,7350,7390,40,150,0.7906703948974609,1.016579944145475,0.8116595149040222,842.1599731445312,0.624077320098877,0.7190356254577637,0.727040147781372,0.7187300324440002,0.7074160766601563
44,random_walk,0.25,online_head_update,48,7350,7390,40,150,0.7906703948974609,1.016579944145475,0.8116595149040222,0.0,0.3104591369628906,0.40541744232177734,0.3844926357269287,0.3815471291542053,0.3813385772705078
44,random_walk,0.25,past_state_jacobian,48,7350,7390,40,150,0.7906703948974609,1.016579944145475,0.8116595149040222,1.157286524772644,0.6894922256469727,0.7844505310058594,0.7636845588684082,0.7607212066650391,0.7605042934417725
44,random_walk,0.25,oracle_resync,48,7350,7390,40,150,0.7906703948974609,1.016579944145475,0.8116595149040222,2.238900661468506,0.6884574890136719,0.7834157943725586,0.7626967668533325,0.7597280144691467,0.7595085048675537
44,random_walk,0.25,no_resync,49,7500,7540,40,150,0.6905994415283203,0.8879168187229297,0.8706324100494385,0.0,0.8402547836303711,0.8192572593688965,0.8004437446594238,0.8034494876861572,0.8033309173583985
44,random_walk,0.25,output_bias_persistent,49,7500,7540,40,150,0.6905994415283203,0.8879168187229297,0.8706324100494385,0.8879168187229297,0.14965534210205078,0.12865781784057617,0.10984430313110352,0.11285004615783692,0.11273147583007813
44,random_walk,0.25,output_bias_decay,49,7500,7540,40,150,0.6905994415283203,0.8879168187229297,0.8706324100494385,0.8879168187229297,0.508556210934664,0.48755868667318936,0.15605719089508058,0.19928125143051148,0.21799639701843262
44,random_walk,0.25,current_reencode,49,7500,7540,40,150,0.6905994415283203,0.8879168187229297,0.8706324100494385,857.6664428710938,0.8879566192626953,0.8669590950012207,0.7838318824768067,0.7896102428436279,0.7983289623260498
44,random_walk,0.25,online_head_update,49,7500,7540,40,150,0.6905994415283203,0.8879168187229297,0.8706324100494385,0.0,0.5093207359313965,0.4883232116699219,0.46940765380859373,0.4724235534667969,0.4723099899291992
44,random_walk,0.25,past_state_jacobian,49,7500,7540,40,150,0.6905994415283203,0.8879168187229297,0.8706324100494385,0.9914383888244629,0.839324951171875,0.8183274269104004,0.799554991722107,0.8025560259819031,0.8024351596832275
44,random_walk,0.25,oracle_resync,49,7500,7540,40,150,0.6905994415283203,0.8879168187229297,0.8706324100494385,2.2555527687072754,0.8381390571594238,0.8171415328979492,0.7984232425689697,0.8014180064201355,0.8012941551208496
44,random_walk,0.25,no_resync,50,7650,7690,40,150,0.8402547836303711,1.0803315345096574,0.9256623983383179,0.0,0.9703798294067383,0.8860979080200195,0.8286906003952026,0.8341451764106751,0.8370800971984863
44,random_walk,0.25,output_bias_persistent,50,7650,7690,40,150,0.8402547836303711,1.0803315345096574,0.9256623983383179,1.0803315345096574,0.1301250457763672,0.04584312438964844,0.011564183235168456,0.006839787960052491,0.007184829711914063
44,random_walk,0.25,output_bias_decay,50,7650,7690,40,150,0.8402547836303711,1.0803315345096574,0.9256623983383179,1.0803315345096574,0.5668010025630084,0.4825190811762896,0.0463240385055542,0.09988197088241577,0.12556585311889648
44,random_walk,0.25,current_reencode,50,7650,7690,40,150,0.8402547836303711,1.0803315345096574,0.9256623983383179,873.4150390625,1.21726655960083,1.1329846382141113,0.9806770801544189,0.9913999557495117,0.9869132900238037
44,random_walk,0.25,online_head_update,50,7650,7690,40,150,0.8402547836303711,1.0803315345096574,0.9256623983383179,0.0,0.5718894004821777,0.487607479095459,0.43007845878601075,0.43554540872573855,0.4384865188598633
44,random_walk,0.25,past_state_jacobian,50,7650,7690,40,150,0.8402547836303711,1.0803315345096574,0.9256623983383179,1.1837996244430542,0.9692902565002441,0.8850083351135254,0.8276496410369873,0.8330986738204956,0.8360308933258057
44,random_walk,0.25,oracle_resync,50,7650,7690,40,150,0.8402547836303711,1.0803315345096574,0.9256623983383179,2.26646089553833,0.9682936668395996,0.8840117454528809,0.8266989707946777,0.8321427583694458,0.8350724792480468
44,random_walk,0.25,no_resync,51,7800,7840,40,150,0.9703798294067383,1.2476357773660274,0.8525218963623047,0.0,0.9423904418945312,0.9183578491210938,0.9096579790115357,0.9119786024093628,0.9125610733032227
44,random_walk,0.25,output_bias_persistent,51,7800,7840,40,150,0.9703798294067383,1.2476357773660274,0.8525218963623047,1.2476357773660274,0.02798938751220703,0.05202198028564453,0.060721850395202635,0.05840122699737549,0.057818756103515626
44,random_walk,0.25,output_bias_decay,51,7800,7840,40,150,0.9703798294067383,1.2476357773660274,0.8525218963623047,1.2476357773660274,0.4763118657598593,0.4522792729864218,0.03221228122711182,0.07704517841339112,0.10129150390625
44,random_walk,0.25,current_reencode,51,7800,7840,40,150,0.9703798294067383,1.2476357773660274,0.8525218963623047,888.8182983398438,1.0069823265075684,0.9829497337341309,1.0770746707916259,1.0900678992271424,1.0885841274261474
44,random_walk,0.25,online_head_update,51,7800,7840,40,150,0.9703798294067383,1.2476357773660274,0.8525218963623047,0.0,0.5024328231811523,0.47840023040771484,0.46957013607025144,0.4719038367271423,0.4724931526184082
44,random_walk,0.25,past_state_jacobian,51,7800,7840,40,150,0.9703798294067383,1.2476357773660274,0.8525218963623047,1.3424789905548096,0.9411778450012207,0.9171452522277832,0.9084989547729492,0.910813307762146,0.9113928031921387
44,random_walk,0.25,oracle_resync,51,7800,7840,40,150,0.9703798294067383,1.2476357773660274,0.8525218963623047,2.2916109561920166,0.9403214454650879,0.9162888526916504,0.9076820135116577,0.9099918246269226,0.910569143295288
44,random_walk,0.25,no_resync,52,7950,7990,40,150,0.9423904418945312,1.2116492902312517,0.9834389686584473,0.0,0.9614510536193848,0.9104971885681152,0.9375584363937378,0.9370362639427186,0.936822280883789
44,random_walk,0.25,output_bias_persistent,52,7950,7990,40,150,0.9423904418945312,1.2116492902312517,0.9834389686584473,1.2116492902312517,0.019060611724853516,0.031893253326416016,0.004833388328552246,0.005354869365692139,0.005568714141845703
44,random_walk,0.25,output_bias_decay,52,7950,7990,40,150,0.9423904418945312,1.2116492902312517,0.9834389686584473,1.2116492902312517,0.5088159286810825,0.45786206362981297,0.05857155323028564,0.11276043653488159,0.13821274757385255
44,random_walk,0.25,current_reencode,52,7950,7990,40,150,0.9423904418945312,1.2116492902312517,0.9834389686584473,903.0853271484375,0.9559688568115234,0.9050149917602539,0.8745058298110961,0.8712148070335388,0.8657874298095704
44,random_walk,0.25,online_head_update,52,7950,7990,40,150,0.9423904418945312,1.2116492902312517,0.9834389686584473,0.0,0.5276932716369629,0.47673940658569336,0.503699254989624,0.5031861662864685,0.5029767990112305
44,random_walk,0.25,past_state_jacobian,52,7950,7990,40,150,0.9423904418945312,1.2116492902312517,0.9834389686584473,1.2808032035827637,0.9603157043457031,0.9093618392944336,0.9364726305007934,0.9359448075294494,0.9357280540466308
44,random_walk,0.25,oracle_resync,52,7950,7990,40,150,0.9423904418945312,1.2116492902312517,0.9834389686584473,2.2948415279388428,0.9594173431396484,0.9084634780883789,0.9356151580810547,0.9350826382637024,0.934863634109497
44,random_walk,0.25,no_resync,53,8100,8140,40,150,0.9614510536193848,1.2361558807494701,0.9124440550804138,0.0,1.0761938095092773,0.9264459609985352,0.9057690382003785,0.9134032249450683,0.9157997226715088
44,random_walk,0.25,output_bias_persistent,53,8100,8140,40,150,0.9614510536193848,1.2361558807494701,0.9124440550804138,1.2361558807494701,0.11474275588989258,0.03500509262084961,0.055682015419006345,0.04804782867431641,0.045651330947875976
44,random_walk,0.25,output_bias_decay,53,8100,8140,40,150,0.9614510536193848,1.2361558807494701,0.9124440550804138,1.2361558807494701,0.6144037717175141,0.46465592320677196,0.03157665729522705,0.08374214172363281,0.11006678581237793
44,random_walk,0.25,current_reencode,53,8100,8140,40,150,0.9614510536193848,1.2361558807494701,0.9124440550804138,918.6066284179688,1.1569843292236328,1.0072364807128906,0.8810968160629272,0.8734881043434143,0.8774736976623535
44,random_walk,0.25,online_head_update,53,8100,8140,40,150,0.9614510536193848,1.2361558807494701,0.9124440550804138,0.0,0.6385364532470703,0.4887886047363281,0.4680129051208496,0.47565646171569825,0.4780576133728027
44,random_walk,0.25,past_state_jacobian,53,8100,8140,40,150,0.9614510536193848,1.2361558807494701,0.9124440550804138,1.2836685180664062,1.0750761032104492,0.925328254699707,0.9047003984451294,0.9123290777206421,0.9147228813171386
44,random_walk,0.25,oracle_resync,53,8100,8140,40,150,0.9614510536193848,1.2361558807494701,0.9124440550804138,2.283092975616455,1.0742063522338867,0.9244585037231445,0.9038699626922607,0.9114941000938416,0.9138857078552246
44,random_walk,0.25,no_resync,54,8250,8290,40,150,1.0761938095092773,1.3836828213386294,0.9906064867973328,0.0,0.9534368515014648,0.9545254707336426,0.9282602787017822,0.9255416631698609,0.925570411682129
44,random_walk,0.25,output_bias_persistent,54,8250,8290,40,150,1.0761938095092773,1.3836828213386294,0.9906064867973328,1.3836828213386294,0.1227569580078125,0.12166833877563477,0.1479335308074951,0.1506521463394165,0.15062339782714843
44,random_walk,0.25,output_bias_decay,54,8250,8290,40,150,1.0761938095092773,1.3836828213386294,0.9906064867973328,1.3836828213386294,0.436535259794133,0.4376238790263107,0.07591776847839356,0.060500264167785645,0.07458597183227539
44,random_walk,0.25,current_reencode,54,8250,8290,40,150,1.0761938095092773,1.3836828213386294,0.9906064867973328,934.0296020507812,0.9989151954650879,1.0000038146972656,0.9964733362197876,0.9977875709533691,0.9917193126678466
44,random_walk,0.25,online_head_update,54,8250,8290,40,150,1.0761938095092773,1.3836828213386294,0.9906064867973328,0.0,0.49142980575561523,0.49251842498779297,0.4661449909210205,0.4634377360343933,0.46347219467163087
44,random_walk,0.25,past_state_jacobian,54,8250,8290,40,150,1.0761938095092773,1.3836828213386294,0.9906064867973328,1.4120705127716064,0.9522294998168945,0.9533181190490723,0.9271049499511719,0.9243803143501281,0.9244061851501465
44,random_walk,0.25,oracle_resync,54,8250,8290,40,150,1.0761938095092773,1.3836828213386294,0.9906064867973328,2.281435489654541,0.9514861106872559,0.9525747299194336,0.9263956546783447,0.9236671447753906,0.923691120147705
44,random_walk,0.25,no_resync,55,8400,8440,40,150,0.9534368515014648,1.2258518688704594,0.9938316941261292,0.0,1.0982708930969238,0.983893871307373,0.9637305974960327,0.9666520237922669,0.9682896137237549
44,random_walk,0.25,output_bias_persistent,55,8400,8440,40,150,0.9534368515014648,1.2258518688704594,0.9938316941261292,1.2258518688704594,0.14483404159545898,0.030457019805908203,0.01029374599456787,0.013215172290802001,0.014852762222290039
44,random_walk,0.25,output_bias_decay,55,8400,8440,40,150,0.9534368515014648,1.2258518688704594,0.9938316941261292,1.2258518688704594,0.6403301190664026,0.5259530972768518,0.07409496307373047,0.1325415253639221,0.16018082618713378
44,random_walk,0.25,current_reencode,55,8400,8440,40,150,0.9534368515014648,1.2258518688704594,0.9938316941261292,949.1329956054688,1.1595783233642578,1.045201301574707,1.0334507942199707,1.0475107312202454,1.058926181793213
44,random_walk,0.25,online_head_update,55,8400,8440,40,150,0.9534368515014648,1.2258518688704594,0.9938316941261292,0.0,0.6626944541931152,0.5483174324035645,0.5280569076538086,0.530988073348999,0.5326306819915771
44,random_walk,0.25,past_state_jacobian,55,8400,8440,40,150,0.9534368515014648,1.2258518688704594,0.9938316941261292,1.2299591302871704,1.0972371101379395,0.9828600883483887,0.962741756439209,0.9656581163406373,0.9672932052612304
44,random_walk,0.25,oracle_resync,55,8400,8440,40,150,0.9534368515014648,1.2258518688704594,0.9938316941261292,2.290416717529297,1.0963459014892578,0.981968879699707,0.9618910789489746,0.964802885055542,0.9664357852935791
44,random_walk,0.25,no_resync,56,8550,8590,40,150,1.0982708930969238,1.4120677470235417,1.0,0.0,0.9208822250366211,0.997650146484375,0.9775317430496215,0.9802772998809814,0.9831758117675782
44,random_walk,0.25,output_bias_persistent,56,8550,8590,40,150,1.0982708930969238,1.4120677470235417,1.0,1.4120677470235417,0.17738866806030273,0.10062074661254883,0.12073915004730225,0.11799359321594238,0.1150950813293457
44,random_walk,0.25,output_bias_decay,56,8550,8590,40,150,1.0982708930969238,1.4120677470235417,1.0,1.4120677470235417,0.39337689304954004,0.47014481449729395,0.04921138286590576,0.06768798828125,0.09089232444763183
44,random_walk,0.25,current_reencode,56,8550,8590,40,150,1.0982708930969238,1.4120677470235417,1.0,964.423095703125,0.821159839630127,0.8979277610778809,1.0349347829818725,1.0292054772377015,1.0220840072631836
44,random_walk,0.25,online_head_update,56,8550,8590,40,150,1.0982708930969238,1.4120677470235417,1.0,0.0,0.45932865142822266,0.5360965728759766,0.5158830404281616,0.51863933801651,0.5215429782867431
44,random_walk,0.25,past_state_jacobian,56,8550,8590,40,150,1.0982708930969238,1.4120677470235417,1.0,1.3935003280639648,0.9197306632995605,0.9964985847473145,0.9764299631118775,0.9791697263717651,0.9820655059814453
44,random_walk,0.25,oracle_resync,56,8550,8590,40,150,1.0982708930969238,1.4120677470235417,1.0,2.2900631427764893,0.9189906120300293,0.9957585334777832,0.9757230758666993,0.9784591674804688,0.9813531398773193
44,random_walk,0.25,no_resync,57,8700,8740,40,150,0.9208822250366211,1.1839957673054078,0.9940713047981262,0.0,1.0907068252563477,1.0033822059631348,0.9969557285308838,0.9947370409965515,0.9925733280181884
44,random_walk,0.25,output_bias_persistent,57,8700,8740,40,150,0.9208822250366211,1.1839957673054078,0.9940713047981262,1.1839957673054078,0.16982460021972656,0.08249998092651367,0.0760735034942627,0.07385481595993042,0.07169110298156739
44,random_walk,0.25,output_bias_decay,57,8700,8740,40,150,0.9208822250366211,1.1839957673054078,0.9940713047981262,1.1839957673054078,0.6484022108918888,0.5610775915986759,0.1376962900161743,0.18910684585571289,0.21205702781677246
44,random_walk,0.25,current_reencode,57,8700,8740,40,150,0.9208822250366211,1.1839957673054078,0.9940713047981262,978.5048828125,0.9066801071166992,0.8193554878234863,0.8112754344940185,0.8209517121315002,0.820906229019165
44,random_walk,0.25,online_head_update,57,8700,8740,40,150,0.9208822250366211,1.1839957673054078,0.9940713047981262,0.0,0.6626677513122559,0.575343132019043,0.5688470840454102,0.5666354060173034,0.5644750881195069
44,random_walk,0.25,past_state_jacobian,57,8700,8740,40,150,0.9208822250366211,1.1839957673054078,0.9940713047981262,1.1494410037994385,1.089773178100586,1.002448558807373,0.9960622310638427,0.9938390016555786,0.9916730690002441
44,random_walk,0.25,oracle_resync,57,8700,8740,40,150,0.9208822250366211,1.1839957673054078,0.9940713047981262,2.287942409515381,1.0888490676879883,1.0015244483947754,0.995178508758545,0.9929507493972778,0.9907826137542725
44,random_walk,0.25,no_resync,58,8850,8890,40,150,1.0907068252563477,1.4023424813344392,0.9075441360473633,0.0,,,1.0077248096466065,1.0091993689537049,1.0095400238037109
44,random_walk,0.25,output_bias_persistent,58,8850,8890,40,150,1.0907068252563477,1.4023424813344392,0.9075441360473633,1.4023424813344392,,,0.08298201560974121,0.08150745630264282,0.08116680145263672
44,random_walk,0.25,output_bias_decay,58,8850,8890,40,150,1.0907068252563477,1.4023424813344392,0.9075441360473633,1.4023424813344392,,,0.03894946575164795,0.0794710397720337,0.10466251373291016
44,random_walk,0.25,current_reencode,58,8850,8890,40,150,1.0907068252563477,1.4023424813344392,0.9075441360473633,993.7138671875,,,0.8413322448730469,0.8549461245536805,0.862992467880249
44,random_walk,0.25,online_head_update,58,8850,8890,40,150,1.0907068252563477,1.4023424813344392,0.9075441360473633,0.0,,,0.5464147806167603,0.5478961706161499,0.5482401275634765
44,random_walk,0.25,past_state_jacobian,58,8850,8890,40,150,1.0907068252563477,1.4023424813344392,0.9075441360473633,1.3393020629882812,,,1.006700825691223,1.0081701278686523,1.0085082149505615
44,random_walk,0.25,oracle_resync,58,8850,8890,40,150,1.0907068252563477,1.4023424813344392,0.9075441360473633,2.287933826446533,,,1.0059767484664917,1.0074423193931579,1.007778615951538
45,none,0.0,no_resync,47,7200,7240,40,150,0.8339862823486328,0.9835522442679235,1.0,0.0,0.9497756958007812,0.8686327934265137,0.8208654165267945,0.8054867148399353,0.8037948894500733
45,none,0.0,output_bias_persistent,47,7200,7240,40,150,0.8339862823486328,0.9835522442679235,1.0,0.9835522442679235,0.11578941345214844,0.03464651107788086,0.07336165904998779,0.06925512552261352,0.06556370735168457
45,none,0.0,output_bias_decay,47,7200,7240,40,150,0.8339862823486328,0.9835522442679235,1.0,0.9835522442679235,0.5492076633525587,0.4680647609782911,0.0892570972442627,0.10123734474182129,0.11721755981445313
45,none,0.0,current_reencode,47,7200,7240,40,150,0.8339862823486328,0.9835522442679235,1.0,0.2759065628051758,0.9387245178222656,0.857581615447998,0.8206347465515137,0.8025946617126465,0.7999795341491699
45,none,0.0,online_head_update,47,7200,7240,40,150,0.8339862823486328,0.9835522442679235,1.0,0.0,0.3521761894226074,0.27103328704833984,0.23189117908477783,0.21805639266967775,0.21491451263427735
45,none,0.0,past_state_jacobian,47,7200,7240,40,150,0.8339862823486328,0.9835522442679235,1.0,1.706782579421997,0.4552145004272461,0.3740715980529785,0.22272918224334717,0.2176435947418213,0.22076287269592285
45,none,0.0,oracle_resync,47,7200,7240,40,150,0.8339862823486328,0.9835522442679235,1.0,2.7504918575286865,0.34511852264404297,0.2639756202697754,0.22966413497924804,0.23265522718429565,0.23403570175170899
45,none,0.0,no_resync,48,7350,7390,40,150,0.9497756958007812,1.1201071731363095,0.8723407983779907,0.0,1.1549248695373535,0.9139313697814941,0.8389086961746216,0.8148773670196533,0.8156029319763184
45,none,0.0,output_bias_persistent,48,7350,7390,40,150,0.9497756958007812,1.1201071731363095,0.8723407983779907,1.1201071731363095,0.20514917373657227,0.03584432601928711,0.11310908794403077,0.13601937294006347,0.13506959915161132
45,none,0.0,output_bias_decay,48,7350,7390,40,150,0.9497756958007812,1.1201071731363095,0.8723407983779907,1.1201071731363095,0.6987425679979857,0.45774906824212636,0.07495183944702148,0.06194214820861817,0.07322075843811035
45,none,0.0,current_reencode,48,7350,7390,40,150,0.9497756958007812,1.1201071731363095,0.8723407983779907,0.5458806753158569,1.1455163955688477,0.9045228958129883,0.8067339420318603,0.7870496153831482,0.78971755027771
45,none,0.0,online_head_update,48,7350,7390,40,150,0.9497756958007812,1.1201071731363095,0.8723407983779907,0.0,0.4899330139160156,0.24893951416015625,0.17106904983520507,0.14509475231170654,0.1451512908935547
45,none,0.0,past_state_jacobian,48,7350,7390,40,150,0.9497756958007812,1.1201071731363095,0.8723407983779907,1.8262883424758911,0.6567635536193848,0.4157700538635254,0.21303935050964357,0.20420371294021605,0.20893050193786622
45,none,0.0,oracle_resync,48,7350,7390,40,150,0.9497756958007812,1.1201071731363095,0.8723407983779907,2.7766551971435547,0.48743438720703125,0.24644088745117188,0.24458003044128418,0.2410106897354126,0.24087002754211426
45,none,0.0,no_resync,49,7500,7540,40,150,1.1549248695373535,1.3620475197689743,0.9763112664222717,0.0,0.7811684608459473,0.7632584571838379,0.8129480600357055,0.8454253196716308,0.8438916110992432
45,none,0.0,output_bias_persistent,49,7500,7540,40,150,1.1549248695373535,1.3620475197689743,0.9763112664222717,1.3620475197689743,0.37375640869140625,0.3916664123535156,0.34197680950164794,0.30949954986572265,0.31103325843811036
45,none,0.0,output_bias_decay,49,7500,7540,40,150,1.1549248695373535,1.3620475197689743,0.9763112664222717,1.3620475197689743,0.22645192364671107,0.2085419199846017,0.26530468463897705,0.1804775595664978,0.16192935943603515
45,none,0.0,current_reencode,49,7500,7540,40,150,1.1549248695373535,1.3620475197689743,0.9763112664222717,0.5321460962295532,0.7605972290039062,0.7426872253417969,0.7875948190689087,0.8197408318519592,0.8182570362091064
45,none,0.0,online_head_update,49,7500,7540,40,150,1.1549248695373535,1.3620475197689743,0.9763112664222717,0.0,0.002200603485107422,0.015709400177001953,0.0701000452041626,0.08997796773910523,0.08985896110534668
45,none,0.0,past_state_jacobian,49,7500,7540,40,150,1.1549248695373535,1.3620475197689743,0.9763112664222717,2.230851411819458,0.190826416015625,0.17291641235351562,0.14563894271850586,0.149055814743042,0.15061065673828125
45,none,0.0,oracle_resync,49,7500,7540,40,150,1.1549248695373535,1.3620475197689743,0.9763112664222717,2.8649022579193115,0.24095964431762695,0.22304964065551758,0.17943954467773438,0.17869126796722412,0.17928927421569824
45,none,0.0,no_resync,50,7650,7690,40,150,0.7811684608459473,0.9212621467257764,0.8221984505653381,0.0,0.6584663391113281,0.7381086349487305,0.8037171602249146,0.810763955116272,0.8203126335144043
45,none,0.0,output_bias_persistent,50,7650,7690,40,150,0.7811684608459473,0.9212621467257764,0.8221984505653381,0.9212621467257764,0.12270212173461914,0.0430598258972168,0.07014119625091553,0.07107863426208497,0.08347923278808594
45,none,0.0,output_bias_decay,50,7650,7690,40,150,0.7811684608459473,0.9212621467257764,0.8221984505653381,0.9212621467257764,0.28326698632286007,0.3629092821602624,0.09455134868621826,0.13722634315490723,0.16610578536987305
45,none,0.0,current_reencode,50,7650,7690,40,150,0.7811684608459473,0.9212621467257764,0.8221984505653381,0.3602279722690582,0.6531577110290527,0.7328000068664551,0.7968872308731079,0.8038486242294312,0.81326904296875
45,none,0.0,online_head_update,50,7650,7690,40,150,0.7811684608459473,0.9212621467257764,0.8221984505653381,0.0,0.10209941864013672,0.18174171447753906,0.2444071054458618,0.2528196096420288,0.26407649993896487
45,none,0.0,past_state_jacobian,50,7650,7690,40,150,0.7811684608459473,0.9212621467257764,0.8221984505653381,1.5320563316345215,0.2877187728881836,0.36736106872558594,0.23202800750732422,0.2535551071166992,0.2671818828582764
45,none,0.0,oracle_resync,50,7650,7690,40,150,0.7811684608459473,0.9212621467257764,0.8221984505653381,2.782447099685669,0.16357135772705078,0.24321365356445312,0.2332970142364502,0.2429363965988159,0.24574025154113768
45,none,0.0,no_resync,51,7800,7840,40,150,0.6584663391113281,0.7765547939037898,0.9364785552024841,0.0,0.4360795021057129,0.6777749061584473,0.8801713705062866,0.8522837400436402,0.8350849914550781
45,none,0.0,output_bias_persistent,51,7800,7840,40,150,0.6584663391113281,0.7765547939037898,0.9364785552024841,0.7765547939037898,0.22238683700561523,0.01930856704711914,0.2217050313949585,0.193817400932312,0.17661865234375
45,none,0.0,output_bias_decay,51,7800,7840,40,150,0.6584663391113281,0.7765547939037898,0.9364785552024841,0.7765547939037898,0.11981462884134864,0.361510032894083,0.2657677173614502,0.27622705698013306,0.27698570251464844
45,none,0.0,current_reencode,51,7800,7840,40,150,0.6584663391113281,0.7765547939037898,0.9364785552024841,0.3412781357765198,0.4315171241760254,0.6732125282287598,0.8748952150344849,0.8471578598022461,0.8299295902252197
45,none,0.0,online_head_update,51,7800,7840,40,150,0.6584663391113281,0.7765547939037898,0.9364785552024841,0.0,0.03599739074707031,0.20569801330566406,0.4190865755081177,0.3895833849906921,0.3714327621459961
45,none,0.0,past_state_jacobian,51,7800,7840,40,150,0.6584663391113281,0.7765547939037898,0.9364785552024841,1.3436001539230347,0.22762250900268555,0.4693179130554199,0.32486672401428224,0.349305248260498,0.3579880332946777
45,none,0.0,oracle_resync,51,7800,7840,40,150,0.6584663391113281,0.7765547939037898,0.9364785552024841,2.822321891784668,0.005059242248535156,0.23663616180419922,0.2214956045150757,0.2249569535255432,0.2347056007385254
45,none,0.0,no_resync,52,7950,7990,40,150,0.4360795021057129,0.5142854049918484,1.0,0.0,0.7245874404907227,0.789670467376709,0.8060530424118042,0.8019412755966187,0.8015853118896484
45,none,0.0,output_bias_persistent,52,7950,7990,40,150,0.4360795021057129,0.5142854049918484,1.0,0.5142854049918484,0.28850793838500977,0.3535909652709961,0.3699735403060913,0.36586177349090576,0.36550580978393554
45,none,0.0,output_bias_decay,52,7950,7990,40,150,0.4360795021057129,0.5142854049918484,1.0,0.5142854049918484,0.5151361439327484,0.5802191708187348,0.39915473461151124,0.42043880224227903,0.4319754123687744
45,none,0.0,current_reencode,52,7950,7990,40,150,0.4360795021057129,0.5142854049918484,1.0,0.38356727361679077,0.7236409187316895,0.7887239456176758,0.8089776277542114,0.8047380566596984,0.8041136932373046
45,none,0.0,online_head_update,52,7950,7990,40,150,0.4360795021057129,0.5142854049918484,1.0,0.0,0.4151487350463867,0.48023176193237305,0.5024033784866333,0.49905858039855955,0.49887603759765625
45,none,0.0,past_state_jacobian,52,7950,7990,40,150,0.4360795021057129,0.5142854049918484,1.0,0.9390682578086853,0.622922420501709,0.6880054473876953,0.44467198848724365,0.47607513666152956,0.489894380569458
45,none,0.0,oracle_resync,52,7950,7990,40,150,0.4360795021057129,0.5142854049918484,1.0,2.7277700901031494,0.20965862274169922,0.27474164962768555,0.2617388963699341,0.26783318519592286,0.26910377502441407
45,none,0.0,no_resync,53,8100,8140,40,150,0.7245874404907227,0.8545339633836834,0.9576913714408875,0.0,0.701505184173584,0.7269320487976074,0.8451921463012695,0.8217605471611023,0.8140848255157471
45,none,0.0,output_bias_persistent,53,8100,8140,40,150,0.7245874404907227,0.8545339633836834,0.9576913714408875,0.8545339633836834,0.023082256317138672,0.0023446083068847656,0.12060470581054687,0.10205820798873902,0.09533371925354003
45,none,0.0,output_bias_decay,53,8100,8140,40,150,0.7245874404907227,0.8545339633836834,0.9576913714408875,0.8545339633836834,0.35348199540280056,0.378908860026824,0.16909193992614746,0.18785799741744996,0.19994293212890624
45,none,0.0,current_reencode,53,8100,8140,40,150,0.7245874404907227,0.8545339633836834,0.9576913714408875,0.2215106189250946,0.7009110450744629,0.7263379096984863,0.8410375356674195,0.8188626408576966,0.811520357131958
45,none,0.0,online_head_update,53,8100,8140,40,150,0.7245874404907227,0.8545339633836834,0.9576913714408875,0.0,0.20638704299926758,0.23181390762329102,0.3291611671447754,0.3062636137008667,0.29872024536132813
45,none,0.0,past_state_jacobian,53,8100,8140,40,150,0.7245874404907227,0.8545339633836834,0.9576913714408875,1.4923259019851685,0.45471715927124023,0.48014402389526367,0.2875760793685913,0.29610671997070315,0.3045374870300293
45,none,0.0,oracle_resync,53,8100,8140,40,150,0.7245874404907227,0.8545339633836834,0.9576913714408875,2.7686214447021484,0.3335704803466797,0.3589973449707031,0.2580847978591919,0.26036145687103274,0.2631950855255127
45,none,0.0,no_resync,54,8250,8290,40,150,0.701505184173584,0.8273121667138925,0.9621915221214294,0.0,0.8388571739196777,0.7221946716308594,0.7910533905029297,0.7977910518646241,0.794207763671875
45,none,0.0,output_bias_persistent,54,8250,8290,40,150,0.701505184173584,0.8273121667138925,0.9621915221214294,0.8273121667138925,0.13735198974609375,0.02068948745727539,0.10470089912414551,0.10391874313354492,0.10125818252563476
45,none,0.0,output_bias_decay,54,8250,8290,40,150,0.701505184173584,0.8273121667138925,0.9621915221214294,0.8273121667138925,0.5019205152191297,0.38525801293031137,0.14902763366699218,0.19035035371780396,0.20464454650878905
45,none,0.0,current_reencode,54,8250,8290,40,150,0.701505184173584,0.8273121667138925,0.9621915221214294,0.4614584147930145,0.8448996543884277,0.7282371520996094,0.8540959358215332,0.8503279328346253,0.8421554374694824
45,none,0.0,online_head_update,54,8250,8290,40,150,0.701505184173584,0.8273121667138925,0.9621915221214294,0.0,0.34520578384399414,0.22854328155517578,0.30174295902252196,0.308999228477478,0.30498891830444336
45,none,0.0,past_state_jacobian,54,8250,8290,40,150,0.701505184173584,0.8273121667138925,0.9621915221214294,1.369246006011963,0.5637145042419434,0.447052001953125,0.2502007484436035,0.266059136390686,0.27414827346801757
45,none,0.0,oracle_resync,54,8250,8290,40,150,0.701505184173584,0.8273121667138925,0.9621915221214294,2.6385862827301025,0.31969308853149414,0.20303058624267578,0.28148574829101564,0.26750004291534424,0.2647897434234619
45,none,0.0,no_resync,55,8400,8440,40,150,0.8388571739196777,0.9892966748870884,1.0,0.0,0.7737040519714355,0.8339629173278809,0.8875972270965576,0.8804730534553528,0.8759242153167724
45,none,0.0,output_bias_persistent,55,8400,8440,40,150,0.8388571739196777,0.9892966748870884,1.0,0.9892966748870884,0.06515312194824219,0.004894256591796875,0.09060797691345215,0.08297909498214721,0.08211548805236817
45,none,0.0,output_bias_decay,55,8400,8440,40,150,0.8388571739196777,0.9892966748870884,1.0,0.9892966748870884,0.37079650448060697,0.4310553698370523,0.11680009365081787,0.15256521701812745,0.16970069885253905
45,none,0.0,current_reencode,55,8400,8440,40,150,0.8388571739196777,0.9892966748870884,1.0,0.5932483673095703,0.7659668922424316,0.826225757598877,0.8598536968231201,0.8561090946197509,0.8530202102661133
45,none,0.0,online_head_update,55,8400,8440,40,150,0.8388571739196777,0.9892966748870884,1.0,0.0,0.1786942481994629,0.2389531135559082,0.29405946731567384,0.2842806696891785,0.2805678081512451
45,none,0.0,past_state_jacobian,55,8400,8440,40,150,0.8388571739196777,0.9892966748870884,1.0,1.7362746000289917,0.2881026268005371,0.3483614921569824,0.24473891258239747,0.24489823579788209,0.24569525718688964
45,none,0.0,oracle_resync,55,8400,8440,40,150,0.8388571739196777,0.9892966748870884,1.0,2.836397886276245,0.12894296646118164,0.18920183181762695,0.24935147762298585,0.24804334640502929,0.2467044448852539
45,none,0.0,no_resync,56,8550,8590,40,150,0.7737040519714355,0.9124590809487421,0.9438273310661316,0.0,1.0161547660827637,0.893043041229248,0.8790213584899902,0.8784813284873962,0.8818534183502197
45,none,0.0,output_bias_persistent,56,8550,8590,40,150,0.7737040519714355,0.9124590809487421,0.9438273310661316,0.9124590809487421,0.24245071411132812,0.1193389892578125,0.10747160911560058,0.10585442781448365,0.10901108741760254
45,none,0.0,output_bias_decay,56,8550,8590,40,150,0.7737040519714355,0.9124590809487421,0.9438273310661316,0.9124590809487421,0.644540608446226,0.5214288835927103,0.1570913314819336,0.20160937309265137,0.22608157157897948
45,none,0.0,current_reencode,56,8550,8590,40,150,0.7737040519714355,0.9124590809487421,0.9438273310661316,0.3800341784954071,1.0040230751037598,0.8809113502502441,0.8696079730987549,0.867759895324707,0.8706858921051025
45,none,0.0,online_head_update,56,8550,8590,40,150,0.7737040519714355,0.9124590809487421,0.9438273310661316,0.0,0.4646310806274414,0.3415193557739258,0.33362205028533937,0.3323315858840942,0.33526729583740233
45,none,0.0,past_state_jacobian,56,8550,8590,40,150,0.7737040519714355,0.9124590809487421,0.9438273310661316,1.599379539489746,0.7467093467712402,0.6235976219177246,0.26703567504882814,0.28254525661468505,0.29394195556640623
45,none,0.0,oracle_resync,56,8550,8590,40,150,0.7737040519714355,0.9124590809487421,0.9438273310661316,2.8844823837280273,0.3005337715148926,0.17742204666137695,0.22404189109802247,0.22726709842681886,0.22674002647399902
45,none,0.0,no_resync,57,8700,8740,40,150,1.0161547660827637,1.1983905753097877,1.0,0.0,1.2278051376342773,1.0266838073730469,0.9351511478424073,0.9068514466285705,0.8742366600036621
45,none,0.0,output_bias_persistent,57,8700,8740,40,150,1.0161547660827637,1.1983905753097877,1.0,1.1983905753097877,0.21165037155151367,0.010529041290283203,0.09957280158996581,0.1185879111289978,0.1493457794189453
45,none,0.0,output_bias_decay,57,8700,8740,40,150,1.0161547660827637,1.1983905753097877,1.0,1.1983905753097877,0.7397406167570608,0.5386192864958304,0.05073478221893311,0.05941156148910522,0.05593691825866699
45,none,0.0,current_reencode,57,8700,8740,40,150,1.0161547660827637,1.1983905753097877,1.0,0.519653856754303,1.2130889892578125,1.011967658996582,0.9405597925186158,0.9070300102233887,0.8738479804992676
45,none,0.0,online_head_update,57,8700,8740,40,150,1.0161547660827637,1.1983905753097877,1.0,0.0,0.5354962348937988,0.33437490463256836,0.23826818466186522,0.207338547706604,0.1786285400390625
45,none,0.0,past_state_jacobian,57,8700,8740,40,150,1.0161547660827637,1.1983905753097877,1.0,2.1293752193450928,0.5139527320861816,0.31283140182495117,0.20725622177124023,0.20692168474197387,0.2099410343170166
45,none,0.0,oracle_resync,57,8700,8740,40,150,1.0161547660827637,1.1983905753097877,1.0,2.9080870151519775,0.4449639320373535,0.24384260177612305,0.20631508827209472,0.21246757507324218,0.21891841888427735
45,none,0.0,no_resync,58,8850,8890,40,150,1.2278051376342773,1.447998035702775,0.9336448311805725,0.0,,,0.8620612144470214,0.8749410033226013,0.8784916877746582
45,none,0.0,output_bias_persistent,58,8850,8890,40,150,1.2278051376342773,1.447998035702775,0.9336448311805725,1.447998035702775,,,0.36574392318725585,0.352864134311676,0.34931344985961915
45,none,0.0,output_bias_decay,58,8850,8890,40,150,1.2278051376342773,1.447998035702775,0.9336448311805725,1.447998035702775,,,0.28358280658721924,0.2032322645187378,0.17773825645446778
45,none,0.0,current_reencode,58,8850,8890,40,150,1.2278051376342773,1.447998035702775,0.9336448311805725,0.4520985782146454,,,0.8772704839706421,0.8881529569625854,0.8905047225952148
45,none,0.0,online_head_update,58,8850,8890,40,150,1.2278051376342773,1.447998035702775,0.9336448311805725,0.0,,,0.07016897201538086,0.0804173469543457,0.08103307723999023
45,none,0.0,past_state_jacobian,58,8850,8890,40,150,1.2278051376342773,1.447998035702775,0.9336448311805725,2.3604462146759033,,,0.24883782863616943,0.24998220205307006,0.2500763034820557
45,none,0.0,oracle_resync,58,8850,8890,40,150,1.2278051376342773,1.447998035702775,0.9336448311805725,2.7944421768188477,,,0.27588891983032227,0.27993481159210204,0.27956012725830076
45,step,0.25,no_resync,47,7200,7240,40,150,0.8706707954406738,1.0268157078826283,1.0,0.0,1.0106067657470703,0.9294638633728027,0.8558588027954102,0.8418949484825134,0.8417194175720215
45,step,0.25,output_bias_persistent,47,7200,7240,40,150,0.8706707954406738,1.0268157078826283,1.0,1.0268157078826283,0.13993597030639648,0.058793067932128906,0.07627100944519043,0.06971195936203003,0.06517595291137696
45,step,0.25,output_bias_decay,47,7200,7240,40,150,0.8706707954406738,1.0268157078826283,1.0,1.0268157078826283,0.5924189671928426,0.511276064818575,0.09605252742767334,0.1084363579750061,0.12635651588439942
45,step,0.25,current_reencode,47,7200,7240,40,150,0.8706707954406738,1.0268157078826283,1.0,0.262114554643631,0.9986028671264648,0.9174599647521973,0.8577436923980712,0.8407560229301453,0.8393993282318115
45,step,0.25,online_head_update,47,7200,7240,40,150,0.8706707954406738,1.0268157078826283,1.0,0.0,0.38686323165893555,0.30572032928466797,0.24585847854614257,0.2323309898376465,0.2310460948944092
45,step,0.25,past_state_jacobian,47,7200,7240,40,150,0.8706707954406738,1.0268157078826283,1.0,1.7418653964996338,0.5148787498474121,0.43373584747314453,0.23485321998596193,0.23317738771438598,0.23851884841918947
45,step,0.25,oracle_resync,47,7200,7240,40,150,0.8706707954406738,1.0268157078826283,1.0,2.788879871368408,0.37697792053222656,0.295835018157959,0.23532640933990479,0.23943737745285035,0.24224053382873534
45,step,0.25,no_resync,48,7350,7390,40,150,1.0106067657470703,1.1918476041640234,0.8723407983779907,0.0,1.2798924446105957,1.0388989448547363,0.9318109750747681,0.9130970478057862,0.916451997756958
45,step,0.25,output_bias_persistent,48,7350,7390,40,150,1.0106067657470703,1.1918476041640234,0.8723407983779907,1.1918476041640234,0.2692856788635254,0.028292179107666016,0.0906146764755249,0.10341916084289551,0.10256203651428222
45,step,0.25,output_bias_decay,48,7350,7390,40,150,1.0106067657470703,1.1918476041640234,0.8723407983779907,1.1918476041640234,0.7944926577050611,0.5534991579492017,0.07015800476074219,0.07495280504226684,0.09667234420776367
45,step,0.25,current_reencode,48,7350,7390,40,150,1.0106067657470703,1.1918476041640234,0.8723407983779907,0.5477152466773987,1.2683868408203125,1.0273933410644531,0.8951578140258789,0.881076717376709,0.8865705585479736
45,step,0.25,online_head_update,48,7350,7390,40,150,1.0106067657470703,1.1918476041640234,0.8723407983779907,0.0,0.577397346496582,0.33640384674072266,0.22785472869873047,0.20694398880004883,0.20954642295837403
45,step,0.25,past_state_jacobian,48,7350,7390,40,150,1.0106067657470703,1.1918476041640234,0.8723407983779907,1.9397315979003906,0.7247471809387207,0.48375368118286133,0.26118946075439453,0.25283682346343994,0.2577328968048096
45,step,0.25,oracle_resync,48,7350,7390,40,150,1.0106067657470703,1.1918476041640234,0.8723407983779907,2.830925941467285,0.5554685592651367,0.31447505950927734,0.2942020416259766,0.2897105574607849,0.28871376037597657
45,step,0.25,no_resync,49,7500,7540,40,150,1.2798924446105957,1.5094266092401682,0.9763112664222717,0.0,0.9824318885803223,0.9645218849182129,0.9551912307739258,0.9992296934127808,0.9972026062011718
45,step,0.25,output_bias_persistent,49,7500,7540,40,150,1.2798924446105957,1.5094266092401682,0.9763112664222717,1.5094266092401682,0.29746055603027344,0.3153705596923828,0.32470121383666994,0.2806627511978149,0.28268983840942385
45,step,0.25,output_bias_decay,49,7500,7540,40,150,1.2798924446105957,1.5094266092401682,0.9763112664222717,1.5094266092401682,0.3676927626090709,0.34978275894696154,0.24172837734222413,0.16054621934890748,0.14316241264343263
45,step,0.25,current_reencode,49,7500,7540,40,150,1.2798924446105957,1.5094266092401682,0.9763112664222717,0.5244958996772766,0.9568581581115723,0.9389481544494629,0.9259697675704956,0.9689668178558349,0.9670229816436767
45,step,0.25,online_head_update,49,7500,7540,40,150,1.2798924446105957,1.5094266092401682,0.9763112664222717,0.0,0.16077899932861328,0.1428689956665039,0.13756494522094725,0.18404159545898438,0.18111287117004393
45,step,0.25,past_state_jacobian,49,7500,7540,40,150,1.2798924446105957,1.5094266092401682,0.9763112664222717,2.444638252258301,0.2904052734375,0.2724952697753906,0.23562521934509278,0.23886804580688475,0.2404952812194824
45,step,0.25,oracle_resync,49,7500,7540,40,150,1.2798924446105957,1.5094266092401682,0.9763112664222717,2.938471555709839,0.3286094665527344,0.310699462890625,0.26180970668792725,0.2611918210983276,0.26158634185791013
45,step,0.25,no_resync,50,7650,7690,40,150,0.9824318885803223,1.1586198829702306,0.8221984505653381,0.0,0.8790473937988281,0.9586896896362305,1.0040127038955688,1.014066183567047,1.0263066101074219
45,step,0.25,output_bias_persistent,50,7650,7690,40,150,0.9824318885803223,1.1586198829702306,0.8221984505653381,1.1586198829702306,0.10338449478149414,0.023742198944091797,0.07385175228118897,0.07527049779891967,0.08823137283325196
45,step,0.25,output_bias_decay,50,7650,7690,40,150,0.9824318885803223,1.1586198829702306,0.8221984505653381,1.1586198829702306,0.40718014975403616,0.4868224455914385,0.10430915355682373,0.16308292150497436,0.20041709899902344
45,step,0.25,current_reencode,50,7650,7690,40,150,0.9824318885803223,1.1586198829702306,0.8221984505653381,0.2994686961174011,0.8707733154296875,0.9504156112670898,0.9935866117477417,1.0036754727363586,1.0156886768341065
45,step,0.25,online_head_update,50,7650,7690,40,150,0.9824318885803223,1.1586198829702306,0.8221984505653381,0.0,0.19002723693847656,0.2696695327758789,0.3152641534805298,0.3270319938659668,0.3412995529174805
45,step,0.25,past_state_jacobian,50,7650,7690,40,150,0.9824318885803223,1.1586198829702306,0.8221984505653381,1.8798105716705322,0.36545515060424805,0.4450974464416504,0.31886305809021,0.33664501905441285,0.3480857944488525
45,step,0.25,oracle_resync,50,7650,7690,40,150,0.9824318885803223,1.1586198829702306,0.8221984505653381,2.897908926010132,0.26190805435180664,0.341550350189209,0.33008973598480223,0.3423084855079651,0.3461824893951416
45,step,0.25,no_resync,51,7800,7840,40,150,0.8790473937988281,1.036694553960638,0.9364785552024841,0.0,0.7145376205444336,0.956233024597168,1.1252285957336425,1.0938669085502624,1.0753031826019288
45,step,0.25,output_bias_persistent,51,7800,7840,40,150,0.8790473937988281,1.036694553960638,0.9364785552024841,1.036694553960638,0.16450977325439453,0.07718563079833984,0.24618120193481446,0.21481951475143432,0.19625578880310057
45,step,0.25,output_bias_decay,51,7800,7840,40,150,0.8790473937988281,1.036694553960638,0.9364785552024841,1.036694553960638,0.29232649739368366,0.534021901446418,0.30500452518463134,0.3248357534408569,0.3302450180053711
45,step,0.25,current_reencode,51,7800,7840,40,150,0.8790473937988281,1.036694553960638,0.9364785552024841,0.34866225719451904,0.705838680267334,0.9475340843200684,1.1074211835861205,1.078012478351593,1.0600872230529785
45,step,0.25,online_head_update,51,7800,7840,40,150,0.8790473937988281,1.036694553960638,0.9364785552024841,0.0,0.07846450805664062,0.320159912109375,0.5047160148620605,0.470504891872406,0.45055546760559084
45,step,0.25,past_state_jacobian,51,7800,7840,40,150,0.8790473937988281,1.036694553960638,0.9364785552024841,1.7374626398086548,0.3759593963623047,0.6176548004150391,0.400417160987854,0.4238879561424255,0.4336760234832764
45,step,0.25,oracle_resync,51,7800,7840,40,150,0.8790473937988281,1.036694553960638,0.9364785552024841,2.9412853717803955,0.14115333557128906,0.38284873962402344,0.35382685661315916,0.3577161431312561,0.3686268997192383
45,step,0.25,no_resync,52,7950,7990,40,150,0.7145376205444336,0.8426818224409992,1.0,0.0,1.0242280960083008,1.089311122894287,1.1030811548233033,1.100157868862152,1.1023082828521729
45,step,0.25,output_bias_persistent,52,7950,7990,40,150,0.7145376205444336,0.8426818224409992,1.0,0.8426818224409992,0.3096904754638672,0.3747735023498535,0.3885435342788696,0.3856202483177185,0.38777066230773927
45,step,0.25,output_bias_decay,52,7950,7990,40,150,0.7145376205444336,0.8426818224409992,1.0,0.8426818224409992,0.6810318890327176,0.7461149159187039,0.43635830879211424,0.47504740953445435,0.4966843795776367
45,step,0.25,current_reencode,52,7950,7990,40,150,0.7145376205444336,0.8426818224409992,1.0,0.3721236288547516,1.0183253288269043,1.0834083557128906,1.09329833984375,1.0915579319000244,1.093864221572876
45,step,0.25,online_head_update,52,7950,7990,40,150,0.7145376205444336,0.8426818224409992,1.0,0.0,0.5057320594787598,0.5708150863647461,0.5964305162429809,0.5947368383407593,0.5971944141387939
45,step,0.25,past_state_jacobian,52,7950,7990,40,150,0.7145376205444336,0.8426818224409992,1.0,1.469986915588379,0.8156266212463379,0.8807096481323242,0.5024543523788452,0.5364747524261475,0.5531789684295654
45,step,0.25,oracle_resync,52,7950,7990,40,150,0.7145376205444336,0.8426818224409992,1.0,2.8989081382751465,0.3909149169921875,0.45599794387817383,0.4216512441635132,0.42908129692077634,0.4307881736755371
45,step,0.25,no_resync,53,8100,8140,40,150,1.0242280960083008,1.207911765208278,0.9576913714408875,0.0,1.0358853340148926,1.061312198638916,1.1630558729171754,1.140695834159851,1.1332339572906494
45,step,0.25,output_bias_persistent,53,8100,8140,40,150,1.0242280960083008,1.207911765208278,0.9576913714408875,1.207911765208278,0.011657238006591797,0.037084102630615234,0.13882777690887452,0.11852457523345947,0.11196959495544434
45,step,0.25,output_bias_decay,53,8100,8140,40,150,1.0242280960083008,1.207911765208278,0.9576913714408875,1.207911765208278,0.543943149976994,0.5693700146010174,0.20736618041992189,0.2446538805961609,0.2651242923736572
45,step,0.25,current_reencode,53,8100,8140,40,150,1.0242280960083008,1.207911765208278,0.9576913714408875,0.2552160918712616,1.0312018394470215,1.056628704071045,1.148017954826355,1.1279783129692078,1.121294527053833
45,step,0.25,online_head_update,53,8100,8140,40,150,1.0242280960083008,1.207911765208278,0.9576913714408875,0.0,0.3420395851135254,0.36746644973754883,0.4441579818725586,0.42214255332946776,0.41455989837646484
45,step,0.25,past_state_jacobian,53,8100,8140,40,150,1.0242280960083008,1.207911765208278,0.9576913714408875,2.0218138694763184,0.5824341773986816,0.6078610420227051,0.43521163463592527,0.4377302169799805,0.44333083152770997
45,step,0.25,oracle_resync,53,8100,8140,40,150,1.0242280960083008,1.207911765208278,0.9576913714408875,2.9279391765594482,0.5620694160461426,0.587496280670166,0.4497668743133545,0.4548145294189453,0.45919222831726075
45,step,0.25,no_resync,54,8250,8290,40,150,1.0358853340148926,1.2216595963729109,0.9621915221214294,0.0,1.2130279541015625,1.0963654518127441,1.1575184106826781,1.1681952238082887,1.1656130409240724
45,step,0.25,output_bias_persistent,54,8250,8290,40,150,1.0358853340148926,1.2216595963729109,0.9621915221214294,1.2216595963729109,0.17714262008666992,0.06048011779785156,0.12894828319549562,0.13596749305725098,0.13401403427124023
45,step,0.25,output_bias_decay,54,8250,8290,40,150,1.0358853340148926,1.2216595963729109,0.9621915221214294,1.2216595963729109,0.7154867368530322,0.5988242345642139,0.1962064027786255,0.2645824193954468,0.28972496032714845
45,step,0.25,current_reencode,54,8250,8290,40,150,1.0358853340148926,1.2216595963729109,0.9621915221214294,0.3746252954006195,1.2157936096191406,1.0991311073303223,1.2050808906555175,1.2070042490959167,1.200661497116089
45,step,0.25,online_head_update,54,8250,8290,40,150,1.0358853340148926,1.2216595963729109,0.9621915221214294,0.0,0.49344873428344727,0.3767862319946289,0.44290010929107665,0.4550201177597046,0.45178152084350587
45,step,0.25,past_state_jacobian,54,8250,8290,40,150,1.0358853340148926,1.2216595963729109,0.9621915221214294,1.9318091869354248,0.6741571426391602,0.5574946403503418,0.47017526626586914,0.46725705862045286,0.46854411125183104
45,step,0.25,oracle_resync,54,8250,8290,40,150,1.0358853340148926,1.2216595963729109,0.9621915221214294,2.8123676776885986,0.5748786926269531,0.45821619033813477,0.5227429628372192,0.5098427414894104,0.507391586303711
45,step,0.25,no_resync,55,8400,8440,40,150,1.2130279541015625,1.4305707322384658,1.0,0.0,1.211988925933838,1.2722477912902832,1.2891382694244384,1.2868014812469482,1.2848915290832519
45,step,0.25,output_bias_persistent,55,8400,8440,40,150,1.2130279541015625,1.4305707322384658,1.0,1.4305707322384658,0.0010390281677246094,0.0592198371887207,0.10406584739685058,0.09850540161132812,0.09869598388671875
45,step,0.25,output_bias_decay,55,8400,8440,40,150,1.2130279541015625,1.4305707322384658,1.0,1.4305707322384658,0.6293651692087439,0.6896240345651892,0.16211457252502443,0.22800472974777222,0.25869275093078614
45,step,0.25,current_reencode,55,8400,8440,40,150,1.2130279541015625,1.4305707322384658,1.0,0.5642153024673462,1.2012338638305664,1.2614927291870117,1.2423149347305298,1.2465517044067382,1.2475020503997802
45,step,0.25,online_head_update,55,8400,8440,40,150,1.2130279541015625,1.4305707322384658,1.0,0.0,0.414095401763916,0.47435426712036133,0.4852004528045654,0.4797254204750061,0.47966699600219725
45,step,0.25,past_state_jacobian,55,8400,8440,40,150,1.2130279541015625,1.4305707322384658,1.0,2.393212080001831,0.41411828994750977,0.4743771553039551,0.5055702209472657,0.5033937573432923,0.5020533752441406
45,step,0.25,oracle_resync,55,8400,8440,40,150,1.2130279541015625,1.4305707322384658,1.0,2.966475009918213,0.39391374588012695,0.45417261123657227,0.5255116939544677,0.5262993454933167,0.5256020927429199
45,step,0.25,no_resync,56,8550,8590,40,150,1.211988925933838,1.429345366176874,0.9438273310661316,0.0,1.4899940490722656,1.36688232421875,1.307427215576172,1.308728539943695,1.3138914680480958
45,step,0.25,output_bias_persistent,56,8550,8590,40,150,1.211988925933838,1.429345366176874,0.9438273310661316,1.429345366176874,0.27800512313842773,0.1548933982849121,0.10203852653503417,0.10097161531448365,0.10528814315795898
45,step,0.25,output_bias_decay,56,8550,8590,40,150,1.211988925933838,1.429345366176874,0.9438273310661316,1.429345366176874,0.9078693430841112,0.7847576182305955,0.17654109001159668,0.24842478036880494,0.28664052963256836
45,step,0.25,current_reencode,56,8550,8590,40,150,1.211988925933838,1.429345366176874,0.9438273310661316,0.3459469974040985,1.4730253219604492,1.3499135971069336,1.2942437171936034,1.2932796478271484,1.2977894020080567
45,step,0.25,online_head_update,56,8550,8590,40,150,1.211988925933838,1.429345366176874,0.9438273310661316,0.0,0.6922917366027832,0.5691800117492676,0.5125999927520752,0.5136475443840027,0.5185693359375
45,step,0.25,past_state_jacobian,56,8550,8590,40,150,1.211988925933838,1.429345366176874,0.9438273310661316,2.436864137649536,0.7788529396057129,0.6557412147521973,0.4936697006225586,0.49596238136291504,0.49484953880310056
45,step,0.25,oracle_resync,56,8550,8590,40,150,1.211988925933838,1.429345366176874,0.9438273310661316,3.033566951751709,0.6016860008239746,0.478574275970459,0.5019361257553101,0.5095205783843995,0.5107748508453369
45,step,0.25,no_resync,57,8700,8740,40,150,1.4899940490722656,1.75720754876668,1.0,0.0,1.708956241607666,1.5078349113464355,1.4048192024230957,1.3753334999084472,1.340709581375122
45,step,0.25,output_bias_persistent,57,8700,8740,40,150,1.4899940490722656,1.75720754876668,1.0,1.75720754876668,0.2189621925354004,0.017840862274169922,0.10521397590637208,0.12468011379241943,0.15730011940002442
45,step,0.25,output_bias_decay,57,8700,8740,40,150,1.4899940490722656,1.75720754876668,1.0,1.75720754876668,0.9933042012460023,0.7921828709847718,0.0507462739944458,0.0923540472984314,0.09425738334655762
45,step,0.25,current_reencode,57,8700,8740,40,150,1.4899940490722656,1.75720754876668,1.0,0.5225398540496826,1.6896142959594727,1.4884929656982422,1.419757080078125,1.3803259253501892,1.3439758014678955
45,step,0.25,online_head_update,57,8700,8740,40,150,1.4899940490722656,1.75720754876668,1.0,0.0,0.8366875648498535,0.635566234588623,0.5388044834136962,0.5048469781875611,0.4686862373352051
45,step,0.25,past_state_jacobian,57,8700,8740,40,150,1.4899940490722656,1.75720754876668,1.0,2.5,0.8413653373718262,0.6402440071105957,0.5192952871322631,0.5160449624061585,0.5187961196899414
45,step,0.25,oracle_resync,57,8700,8740,40,150,1.4899940490722656,1.75720754876668,1.0,3.0712673664093018,0.7352452278137207,0.5341238975524902,0.5061394691467285,0.5076863288879394,0.5126323890686035
45,step,0.25,no_resync,58,8850,8890,40,150,1.708956241607666,2.0154381221419753,0.9336448311805725,0.0,,,1.3471370697021485,1.3662428379058837,1.370272331237793
45,step,0.25,output_bias_persistent,58,8850,8890,40,150,1.708956241607666,2.0154381221419753,0.9336448311805725,2.0154381221419753,,,0.3618191719055176,0.3427134037017822,0.33868391036987305
45,step,0.25,output_bias_decay,58,8850,8890,40,150,1.708956241607666,2.0154381221419753,0.9336448311805725,2.0154381221419753,,,0.24746081829071045,0.16060457229614258,0.155999116897583
45,step,0.25,current_reencode,58,8850,8890,40,150,1.708956241607666,2.0154381221419753,0.9336448311805725,0.4288036525249481,,,1.362376070022583,1.3779882788658142,1.3804419708251954
45,step,0.25,online_head_update,58,8850,8890,40,150,1.708956241607666,2.0154381221419753,0.9336448311805725,0.0,,,0.4623945474624634,0.48558363914489744,0.4863487339019775
45,step,0.25,past_state_jacobian,58,8850,8890,40,150,1.708956241607666,2.0154381221419753,0.9336448311805725,2.5,,,0.5620282173156739,0.5634745240211487,0.5643811988830566
45,step,0.25,oracle_resync,58,8850,8890,40,150,1.708956241607666,2.0154381221419753,0.9336448311805725,2.9780449867248535,,,0.5856711626052856,0.5906605124473572,0.5907083320617675
45,ramp,0.25,no_resync,47,7200,7240,40,150,0.8339862823486328,0.9835522442679235,1.0,0.0,0.959892749786377,0.8787498474121094,0.8241034269332885,0.8091996908187866,0.8077889823913574
45,ramp,0.25,output_bias_persistent,47,7200,7240,40,150,0.8339862823486328,0.9835522442679235,1.0,0.9835522442679235,0.12590646743774414,0.04476356506347656,0.0737534761428833,0.06799085140228271,0.06396236419677734
45,ramp,0.25,output_bias_decay,47,7200,7240,40,150,0.8339862823486328,0.9835522442679235,1.0,0.9835522442679235,0.5593247173381544,0.4781818149638868,0.09119715690612792,0.10397123098373413,0.12042838096618652
45,ramp,0.25,current_reencode,47,7200,7240,40,150,0.8339862823486328,0.9835522442679235,1.0,0.2749638259410858,0.9487543106079102,0.8676114082336426,0.8238975763320923,0.8063220381736755,0.8039783191680908
45,ramp,0.25,online_head_update,47,7200,7240,40,150,0.8339862823486328,0.9835522442679235,1.0,0.0,0.36165571212768555,0.28051280975341797,0.23531849384307862,0.22183533906936645,0.21895081520080567
45,ramp,0.25,past_state_jacobian,47,7200,7240,40,150,0.8339862823486328,0.9835522442679235,1.0,1.706782579421997,0.4676637649536133,0.3865208625793457,0.22329626083374024,0.21857304573059083,0.2220158863067627
45,ramp,0.25,oracle_resync,47,7200,7240,40,150,0.8339862823486328,0.9835522442679235,1.0,2.755343198776245,0.34671878814697266,0.2655758857727051,0.22948927879333497,0.23234195709228517,0.23371291160583496
45,ramp,0.25,no_resync,48,7350,7390,40,150,0.9598922729492188,1.1320380434266863,0.8723407983779907,0.0,1.2062196731567383,0.9652261734008789,0.8640665769577026,0.8425670862197876,0.8447001552581788
45,ramp,0.25,output_bias_persistent,48,7350,7390,40,150,0.9598922729492188,1.1320380434266863,0.8723407983779907,1.1320380434266863,0.24632740020751953,0.005333900451660156,0.10207622051239014,0.12045044898986816,0.11828417778015136
45,ramp,0.25,output_bias_decay,48,7350,7390,40,150,0.9598922729492188,1.1320380434266863,0.8723407983779907,1.1320380434266863,0.7451783259840923,0.5041848262282329,0.07260499000549317,0.06521755456924438,0.08104667663574219
45,ramp,0.25,current_reencode,48,7350,7390,40,150,0.9598922729492188,1.1320380434266863,0.8723407983779907,0.5457152724266052,1.1957736015319824,0.954780101776123,0.8309919118881226,0.8137752175331116,0.8178498077392579
45,ramp,0.25,online_head_update,48,7350,7390,40,150,0.9598922729492188,1.1320380434266863,0.8723407983779907,0.0,0.535334587097168,0.2943410873413086,0.19090356826782226,0.1673291802406311,0.1688193702697754
45,ramp,0.25,past_state_jacobian,48,7350,7390,40,150,0.9598922729492188,1.1320380434266863,0.8723407983779907,1.8460264205932617,0.7011895179748535,0.46019601821899414,0.21981167793273926,0.2112502098083496,0.21681207656860352
45,ramp,0.25,oracle_resync,48,7350,7390,40,150,0.9598922729492188,1.1320380434266863,0.8723407983779907,2.80260968208313,0.4973888397216797,0.2563953399658203,0.24935643672943114,0.24494022130966187,0.24422063827514648
45,ramp,0.25,no_resync,49,7500,7540,40,150,1.2062196731567383,1.422541463478756,0.9763112664222717,0.0,0.8991889953613281,0.8812789916992188,0.8717055082321167,0.9138466835021972,0.9120989608764648
45,ramp,0.25,output_bias_persistent,49,7500,7540,40,150,1.2062196731567383,1.422541463478756,0.9763112664222717,1.422541463478756,0.30703067779541016,0.32494068145751953,0.3345141649246216,0.292372989654541,0.2941207122802734
45,ramp,0.25,output_bias_decay,49,7500,7540,40,150,1.2062196731567383,1.422541463478756,0.9763112664222717,1.422541463478756,0.319835292065342,0.30192528840323263,0.25510311126708984,0.16912250518798827,0.15004802703857423
45,ramp,0.25,current_reencode,49,7500,7540,40,150,1.2062196731567383,1.422541463478756,0.9763112664222717,0.5256064534187317,0.8749446868896484,0.8570346832275391,0.845540976524353,0.8865105628967285,0.8847209453582764
45,ramp,0.25,online_head_update,49,7500,7540,40,150,1.2062196731567383,1.422541463478756,0.9763112664222717,0.0,0.10476064682006836,0.08685064315795898,0.09029507637023926,0.12991348505020142,0.1277612590789795
45,ramp,0.25,past_state_jacobian,49,7500,7540,40,150,1.2062196731567383,1.422541463478756,0.9763112664222717,2.311140775680542,0.2287731170654297,0.2108631134033203,0.16946685314178467,0.17399098873138427,0.17607538223266603
45,ramp,0.25,oracle_resync,49,7500,7540,40,150,1.2062196731567383,1.422541463478756,0.9763112664222717,2.9112908840179443,0.26380300521850586,0.24589300155639648,0.19897584915161132,0.1983125925064087,0.19871001243591307
45,ramp,0.25,no_resync,50,7650,7690,40,150,0.8991889953613281,1.060448322864556,0.8221984505653381,0.0,0.8010311126708984,0.8806734085083008,0.9226417064666748,0.9330204725265503,0.945411901473999
45,ramp,0.25,output_bias_persistent,50,7650,7690,40,150,0.8991889953613281,1.060448322864556,0.8221984505653381,1.060448322864556,0.09815788269042969,0.018515586853027344,0.07305593490600586,0.07512500286102294,0.08804665565490723
45,ramp,0.25,output_bias_decay,50,7650,7690,40,150,0.8991889953613281,1.060448322864556,0.8221984505653381,1.060448322864556,0.3691458715172411,0.44878816735464344,0.10126228332519531,0.15518773794174195,0.19033759117126464
45,ramp,0.25,current_reencode,50,7650,7690,40,150,0.8991889953613281,1.060448322864556,0.8221984505653381,0.302596777677536,0.7934541702270508,0.8730964660644531,0.9151928663253784,0.9251973390579223,0.9371973514556885
45,ramp,0.25,online_head_update,50,7650,7690,40,150,0.8991889953613281,1.060448322864556,0.8221984505653381,0.0,0.16257333755493164,0.24221563339233398,0.2844754934310913,0.29645625352859495,0.31073091506958006
45,ramp,0.25,past_state_jacobian,50,7650,7690,40,150,0.8991889953613281,1.060448322864556,0.8221984505653381,1.7375057935714722,0.3675093650817871,0.44715166091918945,0.2693988561630249,0.29102630615234376,0.30572627067565916
45,ramp,0.25,oracle_resync,50,7650,7690,40,150,0.8991889953613281,1.060448322864556,0.8221984505653381,2.8778371810913086,0.20033597946166992,0.27997827529907227,0.265656566619873,0.2780880808830261,0.2820688247680664
45,ramp,0.25,no_resync,51,7800,7840,40,150,0.8010311126708984,0.9446869394268349,0.9364785552024841,0.0,0.6419034004211426,0.883598804473877,1.0487051248550414,1.0180935502052306,0.9998766326904297
45,ramp,0.25,output_bias_persistent,51,7800,7840,40,150,0.8010311126708984,0.9446869394268349,0.9364785552024841,0.9446869394268349,0.15912771224975586,0.08256769180297852,0.24767401218414306,0.21706243753433227,0.19884552001953126
45,ramp,0.25,output_bias_decay,51,7800,7840,40,150,0.8010311126708984,0.9446869394268349,0.9364785552024841,0.9446869394268349,0.25716391066744926,0.49885931472018363,0.30127673149108886,0.3173146367073059,0.320943078994751
45,ramp,0.25,current_reencode,51,7800,7840,40,150,0.8010311126708984,0.9446869394268349,0.9364785552024841,0.345473974943161,0.6335773468017578,0.8752727508544922,1.0333202838897706,1.0042526841163635,0.9865071296691894
45,ramp,0.25,online_head_update,51,7800,7840,40,150,0.8010311126708984,0.9446869394268349,0.9364785552024841,0.0,0.0607762336730957,0.3024716377258301,0.4818285942077637,0.4486138463020325,0.4291612911224365
45,ramp,0.25,past_state_jacobian,51,7800,7840,40,150,0.8010311126708984,0.9446869394268349,0.9364785552024841,1.5969979763031006,0.3649158477783203,0.6066112518310547,0.37308349609375,0.40056322813034057,0.41117286682128906
45,ramp,0.25,oracle_resync,51,7800,7840,40,150,0.8010311126708984,0.9446869394268349,0.9364785552024841,2.92318058013916,0.08255243301391602,0.3242478370666504,0.29228897094726564,0.2964580416679382,0.307521276473999
45,ramp,0.25,no_resync,52,7950,7990,40,150,0.6419034004211426,0.7570214803886952,1.0,0.0,0.9560461044311523,1.0211291313171387,1.0311575412750245,1.0286076068878174,1.0308837699890137
45,ramp,0.25,output_bias_persistent,52,7950,7990,40,150,0.6419034004211426,0.7570214803886952,1.0,0.7570214803886952,0.31414270401000977,0.3792257308959961,0.3892541408538818,0.3867042064666748,0.3889803695678711
45,ramp,0.25,output_bias_decay,52,7950,7990,40,150,0.6419034004211426,0.7570214803886952,1.0,0.7570214803886952,0.6477364984213096,0.712819525307296,0.43220841884613037,0.46704089641571045,0.4868227767944336
45,ramp,0.25,current_reencode,52,7950,7990,40,150,0.6419034004211426,0.7570214803886952,1.0,0.37397301197052,0.9504013061523438,1.01548433303833,1.0228564977645873,1.0212849140167237,1.023628692626953
45,ramp,0.25,online_head_update,52,7950,7990,40,150,0.6419034004211426,0.7570214803886952,1.0,0.0,0.4925680160522461,0.5576510429382324,0.5781440973281861,0.576707410812378,0.5792645645141602
45,ramp,0.25,past_state_jacobian,52,7950,7990,40,150,0.6419034004211426,0.7570214803886952,1.0,1.3307998180389404,0.7875609397888184,0.8526439666748047,0.48841392993927,0.5268974423408508,0.5456957817077637
45,ramp,0.25,oracle_resync,52,7950,7990,40,150,0.6419034004211426,0.7570214803886952,1.0,2.883434295654297,0.33498430252075195,0.4000673294067383,0.3632011651992798,0.3708780527114868,0.3727175998687744
45,ramp,0.25,no_resync,53,8100,8140,40,150,0.9560461044311523,1.1275021082946077,0.9576913714408875,0.0,0.9719901084899902,0.9974169731140137,1.0957574129104615,1.0738339185714723,1.0665940284729003
45,ramp,0.25,output_bias_persistent,53,8100,8140,40,150,0.9560461044311523,1.1275021082946077,0.9576913714408875,1.1275021082946077,0.01594400405883789,0.04137086868286133,0.13971130847930907,0.11944966316223145,0.11306768417358398
45,ramp,0.25,output_bias_decay,53,8100,8140,40,150,0.9560461044311523,1.1275021082946077,0.9576913714408875,1.1275021082946077,0.5127960964454559,0.5382229610694793,0.20368719100952148,0.23744076490402222,0.25627373695373534
45,ramp,0.25,current_reencode,53,8100,8140,40,150,0.9560461044311523,1.1275021082946077,0.9576913714408875,0.25109606981277466,0.9674196243286133,0.9928464889526367,1.0819159030914307,1.0621282815933228,1.0555818462371827
45,ramp,0.25,online_head_update,53,8100,8140,40,150,0.9560461044311523,1.1275021082946077,0.9576913714408875,0.0,0.3195161819458008,0.3449430465698242,0.41935789585113525,0.39775546789169314,0.39040810585021973
45,ramp,0.25,past_state_jacobian,53,8100,8140,40,150,0.9560461044311523,1.1275021082946077,0.9576913714408875,1.8973057270050049,0.5930752754211426,0.618502140045166,0.3944584369659424,0.4008125066757202,0.4089715099334717
45,ramp,0.25,oracle_resync,53,8100,8140,40,150,0.9560461044311523,1.1275021082946077,0.9576913714408875,2.914665699005127,0.5092144012451172,0.5346412658691406,0.3943198204040527,0.39966391324996947,0.4042026996612549
45,ramp,0.25,no_resync,54,8250,8290,40,150,0.9719901084899902,1.1463054882860924,0.9621915221214294,0.0,1.1530556678771973,1.036393165588379,1.094414234161377,1.105343759059906,1.1029165077209473
45,ramp,0.25,output_bias_persistent,54,8250,8290,40,150,0.9719901084899902,1.1463054882860924,0.9621915221214294,1.1463054882860924,0.18106555938720703,0.06440305709838867,0.12946996688842774,0.13687657117843627,0.13497650146484375
45,ramp,0.25,output_bias_decay,54,8250,8290,40,150,0.9719901084899902,1.1463054882860924,0.9621915221214294,1.1463054882860924,0.6862036661626059,0.5695411638737875,0.19257946014404298,0.2575582981109619,0.2811274814605713
45,ramp,0.25,current_reencode,54,8250,8290,40,150,0.9719901084899902,1.1463054882860924,0.9621915221214294,0.3777328431606293,1.1559090614318848,1.0392465591430664,1.143288826942444,1.145282757282257,1.1390035343170166
45,ramp,0.25,online_head_update,54,8250,8290,40,150,0.9719901084899902,1.1463054882860924,0.9621915221214294,0.0,0.4728102684020996,0.35614776611328125,0.419106125831604,0.43134915828704834,0.42828476905822754
45,ramp,0.25,past_state_jacobian,54,8250,8290,40,150,0.9719901084899902,1.1463054882860924,0.9621915221214294,1.8214035034179688,0.687016487121582,0.5703539848327637,0.4178426742553711,0.42026262283325194,0.42394224166870115
45,ramp,0.25,oracle_resync,54,8250,8290,40,150,0.9719901084899902,1.1463054882860924,0.9621915221214294,2.7994911670684814,0.5250182151794434,0.408355712890625,0.4703171491622925,0.4576710224151611,0.45535395622253416
45,ramp,0.25,no_resync,55,8400,8440,40,150,1.1530556678771973,1.359843098033573,1.0,0.0,1.154170036315918,1.2144289016723633,1.2293881893157959,1.2271113872528077,1.2253693199157716
45,ramp,0.25,output_bias_persistent,55,8400,8440,40,150,1.1530556678771973,1.359843098033573,1.0,1.359843098033573,0.0011143684387207031,0.061373233795166016,0.10382823944091797,0.09827690124511719,0.09860727310180664
45,ramp,0.25,output_bias_decay,55,8400,8440,40,150,1.1530556678771973,1.359843098033573,1.0,1.359843098033573,0.6003512865828613,0.6606101519393066,0.15841162204742432,0.22082512378692626,0.250036678314209
45,ramp,0.25,current_reencode,55,8400,8440,40,150,1.1530556678771973,1.359843098033573,1.0,0.5664651393890381,1.1434082984924316,1.203667163848877,1.1836421489715576,1.1876788139343262,1.1886872196197509
45,ramp,0.25,online_head_update,55,8400,8440,40,150,1.1530556678771973,1.359843098033573,1.0,0.0,0.37869834899902344,0.43895721435546875,0.4484206199645996,0.44308191537857056,0.4431369018554687
45,ramp,0.25,past_state_jacobian,55,8400,8440,40,150,1.1530556678771973,1.359843098033573,1.0,2.2857437133789062,0.39808130264282227,0.4583401679992676,0.45500879287719725,0.45310996770858764,0.45208569526672365
45,ramp,0.25,oracle_resync,55,8400,8440,40,150,1.1530556678771973,1.359843098033573,1.0,2.956453323364258,0.3461642265319824,0.40642309188842773,0.47579593658447267,0.4767585039138794,0.476155948638916
45,ramp,0.25,no_resync,56,8550,8590,40,150,1.154170036315918,1.361157315787561,0.9438273310661316,0.0,1.4353008270263672,1.3121891021728516,1.2507842302322387,1.252254343032837,1.2575377559661864
45,ramp,0.25,output_bias_persistent,56,8550,8590,40,150,1.154170036315918,1.361157315787561,0.9438273310661316,1.361157315787561,0.2811307907104492,0.1580190658569336,0.10281789302825928,0.10190601348876953,0.10642508506774902
45,ramp,0.25,output_bias_decay,56,8550,8590,40,150,1.154170036315918,1.361157315787561,0.9438273310661316,1.361157315787561,0.8809468402248255,0.7578351153713099,0.17384791374206543,0.2425331950187683,0.2792926216125488
45,ramp,0.25,current_reencode,56,8550,8590,40,150,1.154170036315918,1.361157315787561,0.9438273310661316,0.3466474115848541,1.418534278869629,1.2954225540161133,1.2387350082397461,1.2378129363059998,1.242365961074829
45,ramp,0.25,online_head_update,56,8550,8590,40,150,1.154170036315918,1.361157315787561,0.9438273310661316,0.0,0.6585369110107422,0.5354251861572266,0.4770456075668335,0.4782658934593201,0.4833116722106934
45,ramp,0.25,past_state_jacobian,56,8550,8590,40,150,1.154170036315918,1.361157315787561,0.9438273310661316,2.3295111656188965,0.790318489074707,0.6672067642211914,0.4494453191757202,0.45229196548461914,0.4519196891784668
45,ramp,0.25,oracle_resync,56,8550,8590,40,150,1.154170036315918,1.361157315787561,0.9438273310661316,3.023801803588867,0.5550103187561035,0.4318985939025879,0.45456390380859374,0.4623594880104065,0.4637235927581787
45,ramp,0.25,no_resync,57,8700,8740,40,150,1.4353008270263672,1.6927057189068457,1.0,0.0,1.656583309173584,1.4554619789123535,1.3509649515151978,1.321603786945343,1.2872262477874756
45,ramp,0.25,output_bias_persistent,57,8700,8740,40,150,1.4353008270263672,1.6927057189068457,1.0,1.6927057189068457,0.2212824821472168,0.020161151885986328,0.10441310405731201,0.12373565435409546,0.15610547065734864
45,ramp,0.25,output_bias_decay,57,8700,8740,40,150,1.4353008270263672,1.6927057189068457,1.0,1.6927057189068457,0.9672007132942468,0.7660793830330164,0.05019576549530029,0.08822478055953979,0.08893975257873535
45,ramp,0.25,current_reencode,57,8700,8740,40,150,1.4353008270263672,1.6927057189068457,1.0,0.5227169394493103,1.6375598907470703,1.4364385604858398,1.3666225671768188,1.3273677587509156,1.2912300109863282
45,ramp,0.25,online_head_update,57,8700,8740,40,150,1.4353008270263672,1.6927057189068457,1.0,0.0,0.7841792106628418,0.5830578804016113,0.48469927310943606,0.4508802056312561,0.41495537757873535
45,ramp,0.25,past_state_jacobian,57,8700,8740,40,150,1.4353008270263672,1.6927057189068457,1.0,2.499999761581421,0.7866940498352051,0.5855727195739746,0.4725158452987671,0.46945235729217527,0.4723461627960205
45,ramp,0.25,oracle_resync,57,8700,8740,40,150,1.4353008270263672,1.6927057189068457,1.0,3.0621960163116455,0.6913223266601562,0.4902009963989258,0.46066696643829347,0.46242051124572753,0.46746899604797365
45,ramp,0.25,no_resync,58,8850,8890,40,150,1.656583309173584,1.953672699466953,0.9336448311805725,0.0,,,1.2962936878204345,1.3155101776123046,1.3196403217315673
45,ramp,0.25,output_bias_persistent,58,8850,8890,40,150,1.656583309173584,1.953672699466953,0.9336448311805725,1.953672699466953,,,0.3602896213531494,0.3410731315612793,0.3369429874420166
45,ramp,0.25,output_bias_decay,58,8850,8890,40,150,1.656583309173584,1.953672699466953,0.9336448311805725,1.953672699466953,,,0.2494358539581299,0.16156738996505737,0.15484493255615234
45,ramp,0.25,current_reencode,58,8850,8890,40,150,1.656583309173584,1.953672699466953,0.9336448311805725,0.42931246757507324,,,1.3121285915374756,1.3278231024742126,1.3303467655181884
45,ramp,0.25,online_head_update,58,8850,8890,40,150,1.656583309173584,1.953672699466953,0.9336448311805725,0.0,,,0.41157481670379636,0.43488637208938596,0.4357537078857422
45,ramp,0.25,past_state_jacobian,58,8850,8890,40,150,1.656583309173584,1.953672699466953,0.9336448311805725,2.5,,,0.5189349412918091,0.5205492496490478,0.5214753913879394
45,ramp,0.25,oracle_resync,58,8850,8890,40,150,1.656583309173584,1.953672699466953,0.9336448311805725,2.9700429439544678,,,0.5425752162933349,0.5477423787117004,0.5478810977935791
45,random_walk,0.25,no_resync,47,7200,7240,40,150,0.8339862823486328,0.9835522442679235,1.0,0.0,0.9538564682006836,0.872713565826416,0.8223345041275024,0.8073010802268982,0.8057300090789795
45,random_walk,0.25,output_bias_persistent,47,7200,7240,40,150,0.8339862823486328,0.9835522442679235,1.0,0.9835522442679235,0.11987018585205078,0.0387272834777832,0.07348124980926514,0.06859222650527955,0.06475750923156738
45,random_walk,0.25,output_bias_decay,47,7200,7240,40,150,0.8339862823486328,0.9835522442679235,1.0,0.9835522442679235,0.553288435752461,0.4721455333781934,0.09007763862609863,0.10253770351409912,0.11874147415161133
45,random_walk,0.25,current_reencode,47,7200,7240,40,150,0.8339862823486328,0.9835522442679235,1.0,0.27524107694625854,0.9427680969238281,0.8616251945495605,0.8221382856369018,0.8044285655021668,0.8019291687011719
45,random_walk,0.25,online_head_update,47,7200,7240,40,150,0.8339862823486328,0.9835522442679235,1.0,0.0,0.3559250831604004,0.2747821807861328,0.23342735767364503,0.21991478204727172,0.21687868118286133
45,random_walk,0.25,past_state_jacobian,47,7200,7240,40,150,0.8339862823486328,0.9835522442679235,1.0,1.706782579421997,0.46048593521118164,0.37934303283691406,0.223053240776062,0.21809741258621215,0.22135513305664062
45,random_walk,0.25,oracle_resync,47,7200,7240,40,150,0.8339862823486328,0.9835522442679235,1.0,2.752906560897827,0.3455028533935547,0.2643599510192871,0.22960188388824462,0.23249967098236085,0.23384443283081055
45,random_walk,0.25,no_resync,48,7350,7390,40,150,0.9538564682006836,1.1249197856902804,0.8723407983779907,0.0,1.1796269416809082,0.9386334419250488,0.8501273393630981,0.8269640564918518,0.8281370544433594
45,random_walk,0.25,output_bias_persistent,48,7350,7390,40,150,0.9538564682006836,1.1249197856902804,0.8723407983779907,1.1249197856902804,0.2257704734802246,0.015223026275634766,0.10806481838226319,0.12906025648117064,0.1274947166442871
45,random_walk,0.25,output_bias_decay,48,7350,7390,40,150,0.9538564682006836,1.1249197856902804,0.8723407983779907,1.1249197856902804,0.7214846235253258,0.48049112376946645,0.0736013412475586,0.06286849975585937,0.07597824096679688
45,random_walk,0.25,current_reencode,48,7350,7390,40,150,0.9538564682006836,1.1249197856902804,0.8723407983779907,0.5455824732780457,1.1697320938110352,0.9287385940551758,0.817575478553772,0.7987321257591248,0.8018491458892822
45,random_walk,0.25,online_head_update,48,7350,7390,40,150,0.9538564682006836,1.1249197856902804,0.8723407983779907,0.0,0.5122590065002441,0.27126550674438477,0.18023526668548584,0.15499969720840454,0.15550500869750977
45,random_walk,0.25,past_state_jacobian,48,7350,7390,40,150,0.9538564682006836,1.1249197856902804,0.8723407983779907,1.834298014640808,0.677767276763916,0.43677377700805664,0.2154393434524536,0.20663915872573851,0.21175031661987304
45,random_walk,0.25,oracle_resync,48,7350,7390,40,150,0.9538564682006836,1.1249197856902804,0.8723407983779907,2.789093494415283,0.4890727996826172,0.2480792999267578,0.24587042331695558,0.24179826974868773,0.24138479232788085
45,random_walk,0.25,no_resync,49,7500,7540,40,150,1.1796269416809082,1.3911796278252853,0.9763112664222717,0.0,0.8270106315612793,0.8091006278991699,0.8390727043151855,0.8748545169830322,0.8729935359954833
45,random_walk,0.25,output_bias_persistent,49,7500,7540,40,150,1.1796269416809082,1.3911796278252853,0.9763112664222717,1.3911796278252853,0.3526163101196289,0.3705263137817383,0.34055423736572266,0.30477242469787597,0.3066334056854248
45,random_walk,0.25,output_bias_decay,49,7500,7540,40,150,1.1796269416809082,1.3911796278252853,0.9763112664222717,1.3911796278252853,0.26042955816359115,0.24251955450148177,0.26226444244384767,0.17635140419006348,0.15768203735351563
45,random_walk,0.25,current_reencode,49,7500,7540,40,150,1.1796269416809082,1.3911796278252853,0.9763112664222717,0.5298426747322083,0.8048644065856934,0.786954402923584,0.813543725013733,0.8486082792282105,0.8467228317260742
45,random_walk,0.25,online_head_update,49,7500,7540,40,150,1.1796269416809082,1.3911796278252853,0.9763112664222717,0.0,0.03974580764770508,0.021835803985595703,0.07685165405273438,0.10434185266494751,0.10283745765686035
45,random_walk,0.25,past_state_jacobian,49,7500,7540,40,150,1.1796269416809082,1.3911796278252853,0.9763112664222717,2.268545150756836,0.20259380340576172,0.18468379974365234,0.1536484956741333,0.15743708610534668,0.1591873836517334
45,random_walk,0.25,oracle_resync,49,7500,7540,40,150,1.1796269416809082,1.3911796278252853,0.9763112664222717,2.887561082839966,0.24653100967407227,0.2286210060119629,0.1851677417755127,0.18430813550949096,0.18486079216003418
45,random_walk,0.25,no_resync,50,7650,7690,40,150,0.8270106315612793,0.975325589786498,0.8221984505653381,0.0,0.7163796424865723,0.7960219383239746,0.8509642839431762,0.8596494436264038,0.8708903026580811
45,random_walk,0.25,output_bias_persistent,50,7650,7690,40,150,0.8270106315612793,0.975325589786498,0.8221984505653381,0.975325589786498,0.11063098907470703,0.030988693237304688,0.07150142192840576,0.07309682369232177,0.08593949317932129
45,random_walk,0.25,output_bias_decay,50,7650,7690,40,150,0.8270106315612793,0.975325589786498,0.8221984505653381,0.975325589786498,0.3191620520900669,0.3988043479274692,0.09791789054870606,0.14545398950576782,0.17738640785217286
45,random_walk,0.25,current_reencode,50,7650,7690,40,150,0.8270106315612793,0.975325589786498,0.8221984505653381,0.34158915281295776,0.7098264694213867,0.7894687652587891,0.8428149223327637,0.8514364361763,0.8624860954284668
45,random_walk,0.25,online_head_update,50,7650,7690,40,150,0.8270106315612793,0.975325589786498,0.8221984505653381,0.0,0.1248021125793457,0.20444440841674805,0.25774312019348145,0.2679567575454712,0.2810711097717285
45,random_walk,0.25,past_state_jacobian,50,7650,7690,40,150,0.8270106315612793,0.975325589786498,0.8221984505653381,1.6111910343170166,0.32791566848754883,0.40755796432495117,0.24450156688690186,0.2667198419570923,0.2814215850830078
45,random_walk,0.25,oracle_resync,50,7650,7690,40,150,0.8270106315612793,0.975325589786498,0.8221984505653381,2.8287618160247803,0.16994333267211914,0.24958562850952148,0.241766619682312,0.25223360061645506,0.25537331581115724
45,random_walk,0.25,no_resync,51,7800,7840,40,150,0.7163801193237305,0.8448547524373236,0.9364785552024841,0.0,0.520103931427002,0.7617993354797363,0.9497289180755615,0.9194422960281372,0.9013805103302002
45,random_walk,0.25,output_bias_persistent,51,7800,7840,40,150,0.7163801193237305,0.8448547524373236,0.9364785552024841,0.8448547524373236,0.19627618789672852,0.04541921615600586,0.23334879875183107,0.20306217670440674,0.18500039100646973
45,random_walk,0.25,output_bias_decay,51,7800,7840,40,150,0.7163801193237305,0.8448547524373236,0.9364785552024841,0.8448547524373236,0.17602276252047133,0.4177181665732057,0.2812868595123291,0.2927199244499207,0.29419493675231934
45,random_walk,0.25,current_reencode,51,7800,7840,40,150,0.7163801193237305,0.8448547524373236,0.9364785552024841,0.34138673543930054,0.5136942863464355,0.7553896903991699,0.9392594575881958,0.9098812699317932,0.8920605659484864
45,random_walk,0.25,online_head_update,51,7800,7840,40,150,0.7163801193237305,0.8448547524373236,0.9364785552024841,0.0,0.0038051605224609375,0.2455005645751953,0.4457979202270508,0.41348857879638673,0.3943606376647949
45,random_walk,0.25,past_state_jacobian,51,7800,7840,40,150,0.7163801193237305,0.8448547524373236,0.9364785552024841,1.4437596797943115,0.2906203269958496,0.532315731048584,0.3439588785171509,0.37027732133865354,0.3798410034179687
45,random_walk,0.25,oracle_resync,51,7800,7840,40,150,0.7163801193237305,0.8448547524373236,0.9364785552024841,2.873713970184326,0.01957559585571289,0.26127099990844727,0.24191734790802003,0.24550927877426149,0.25580510139465334
45,random_walk,0.25,no_resync,52,7950,7990,40,150,0.5201044082641602,0.6133792231704969,1.0,0.0,0.8178138732910156,0.882896900177002,0.8985620737075806,0.8955623865127563,0.8965667915344239
45,random_walk,0.25,output_bias_persistent,52,7950,7990,40,150,0.5201044082641602,0.6133792231704969,1.0,0.6133792231704969,0.29770946502685547,0.3627924919128418,0.3784576654434204,0.37545797824859617,0.37646238327026366
45,random_walk,0.25,output_bias_decay,52,7950,7990,40,150,0.5201044082641602,0.6133792231704969,1.0,0.6133792231704969,0.5680049688815663,0.6330879957675526,0.4132615327835083,0.4405510663986206,0.4557395172119141
45,random_walk,0.25,current_reencode,52,7950,7990,40,150,0.5201044082641602,0.6133792231704969,1.0,0.37637102603912354,0.8144192695617676,0.8795022964477539,0.8953229427337647,0.8928832530975341,0.8938297367095948
45,random_walk,0.25,online_head_update,52,7950,7990,40,150,0.5201044082641602,0.6133792231704969,1.0,0.0,0.44574642181396484,0.5108294486999512,0.5342387676239013,0.5322224974632264,0.5334497547149658
45,random_walk,0.25,past_state_jacobian,52,7950,7990,40,150,0.5201044082641602,0.6133792231704969,1.0,1.0999202728271484,0.6943874359130859,0.7594704627990723,0.46295509338378904,0.4996799349784851,0.5167056083679199
45,random_walk,0.25,oracle_resync,52,7950,7990,40,150,0.5201044082641602,0.6133792231704969,1.0,2.8126697540283203,0.2505927085876465,0.3156757354736328,0.2921618938446045,0.29872654676437377,0.3001038455963135
45,random_walk,0.25,no_resync,53,8100,8140,40,150,0.8178138732910156,0.9644794974368325,0.9576913714408875,0.0,0.8109002113342285,0.836327075958252,0.9495753526687623,0.9261645674705505,0.9184053897857666
45,random_walk,0.25,output_bias_persistent,53,8100,8140,40,150,0.8178138732910156,0.9644794974368325,0.9576913714408875,0.9644794974368325,0.006913661956787109,0.018513202667236328,0.13176147937774657,0.11139992475509644,0.10461424827575684
45,random_walk,0.25,output_bias_decay,53,8100,8140,40,150,0.8178138732910156,0.9644794974368325,0.9576913714408875,0.9644794974368325,0.4180998726877725,0.4435267373117959,0.18648722171783447,0.21070328950881959,0.22524715423583985
45,random_walk,0.25,current_reencode,53,8100,8140,40,150,0.8178138732910156,0.9644794974368325,0.9576913714408875,0.2338399887084961,0.8080887794494629,0.8335156440734863,0.9399233341217041,0.918336832523346,0.9111268424987793
45,random_walk,0.25,online_head_update,53,8100,8140,40,150,0.8178138732910156,0.9644794974368325,0.9576913714408875,0.0,0.24652719497680664,0.2719540596008301,0.3630642890930176,0.34003558158874514,0.33226991653442384
45,random_walk,0.25,past_state_jacobian,53,8100,8140,40,150,0.8178138732910156,0.9644794974368325,0.9576913714408875,1.6519805192947388,0.528203010559082,0.5536298751831055,0.3272164583206177,0.3369249701499939,0.34650076866149904
45,random_walk,0.25,oracle_resync,53,8100,8140,40,150,0.8178138732910156,0.9644794974368325,0.9576913714408875,2.8490190505981445,0.3945469856262207,0.41997385025024414,0.30268690586090086,0.30598907470703124,0.3095244026184082
45,random_walk,0.25,no_resync,54,8250,8290,40,150,0.8109002113342285,0.9563259487782646,0.9621915221214294,0.0,0.9689264297485352,0.8522639274597168,0.9162401676177978,0.9254795193672181,0.922840929031372
45,random_walk,0.25,output_bias_persistent,54,8250,8290,40,150,0.8109002113342285,0.9563259487782646,0.9621915221214294,0.9563259487782646,0.15802621841430664,0.04136371612548828,0.11631236076354981,0.12006551027297974,0.1182336711883545
45,random_walk,0.25,output_bias_decay,54,8250,8290,40,150,0.8109002113342285,0.9563259487782646,0.9621915221214294,0.9563259487782646,0.5794467595898665,0.4627842573010481,0.16886568069458008,0.2206979513168335,0.23924761772155761
45,random_walk,0.25,current_reencode,54,8250,8290,40,150,0.8109002113342285,0.9563259487782646,0.9621915221214294,0.42322075366973877,0.9731788635253906,0.8565163612365723,0.9726646423339844,0.9720273375511169,0.9651021194458008
45,random_walk,0.25,online_head_update,54,8250,8290,40,150,0.8109002113342285,0.9563259487782646,0.9621915221214294,0.0,0.3933234214782715,0.2766609191894531,0.34457600116729736,0.35488736629486084,0.3518078899383545
45,random_walk,0.25,past_state_jacobian,54,8250,8290,40,150,0.8109002113342285,0.9563259487782646,0.9621915221214294,1.54763662815094,0.6425614356994629,0.5258989334106445,0.3049032211303711,0.3191221594810486,0.32733654975891113
45,random_walk,0.25,oracle_resync,54,8250,8290,40,150,0.8109002113342285,0.9563259487782646,0.9621915221214294,2.7313759326934814,0.385892391204834,0.2692298889160156,0.3452317714691162,0.3318635821342468,0.3292513275146484
45,random_walk,0.25,no_resync,55,8400,8440,40,150,0.9689264297485352,1.1426923735794712,1.0,0.0,0.9348874092102051,0.9951462745666504,1.0312821388244628,1.0275892853736877,1.0243334484100342
45,random_walk,0.25,output_bias_persistent,55,8400,8440,40,150,0.9689264297485352,1.1426923735794712,1.0,1.1426923735794712,0.03403902053833008,0.026219844818115234,0.09661030769348145,0.09059311151504516,0.08933629035949707
45,random_walk,0.25,output_bias_decay,55,8400,8440,40,150,0.9689264297485352,1.1426923735794712,1.0,1.1426923735794712,0.4695069086359709,0.5297657739924162,0.13434691429138185,0.1835045337677002,0.20595747947692872
45,random_walk,0.25,current_reencode,55,8400,8440,40,150,0.9689264297485352,1.1426923735794712,1.0,0.577431321144104,0.9254069328308105,0.9856657981872559,0.9940928220748901,0.995236623287201,0.9941007041931152
45,random_walk,0.25,online_head_update,55,8400,8440,40,150,0.9689264297485352,1.1426923735794712,1.0,0.0,0.26256656646728516,0.32282543182373047,0.35800695419311523,0.3516385078430176,0.34958371162414553
45,random_walk,0.25,past_state_jacobian,55,8400,8440,40,150,0.9689264297485352,1.1426923735794712,1.0,1.9584507942199707,0.3555145263671875,0.4157733917236328,0.3127692699432373,0.31220141649246214,0.3124850654602051
45,random_walk,0.25,oracle_resync,55,8400,8440,40,150,0.9689264297485352,1.1426923735794712,1.0,2.9082767963409424,0.19726848602294922,0.25752735137939453,0.32493414878845217,0.3243738293647766,0.3230375862121582
45,random_walk,0.25,no_resync,56,8550,8590,40,150,0.9348874092102051,1.1025488415433398,0.9438273310661316,0.0,1.2013630867004395,1.0782513618469238,1.0372129917144775,1.0377239108085632,1.0425027370452882
45,random_walk,0.25,output_bias_persistent,56,8550,8590,40,150,0.9348874092102051,1.1025488415433398,0.9438273310661316,1.1025488415433398,0.2664756774902344,0.14336395263671875,0.10640106201171876,0.10512422323226929,0.10944550514221191
45,random_walk,0.25,output_bias_decay,56,8550,8590,40,150,0.9348874092102051,1.1025488415433398,0.9438273310661316,1.1025488415433398,0.752331708134669,0.6292199832811534,0.1648855686187744,0.2198413372039795,0.2501159954071045
45,random_walk,0.25,current_reencode,56,8550,8590,40,150,0.9348874092102051,1.1025488415433398,0.9438273310661316,0.360955148935318,1.1863327026367188,1.0632209777832031,1.0257789373397828,1.0244611978530884,1.0286461639404296
45,random_walk,0.25,online_head_update,56,8550,8590,40,150,0.9348874092102051,1.1025488415433398,0.9438273310661316,0.0,0.545647144317627,0.42253541946411133,0.3856835126876831,0.38576931953430177,0.3902422046661377
45,random_walk,0.25,past_state_jacobian,56,8550,8590,40,150,0.9348874092102051,1.1025488415433398,0.9438273310661316,1.9053679704666138,0.8102951049804688,0.6871833801269531,0.3211662292480469,0.3309052586555481,0.3376339054107666
45,random_walk,0.25,oracle_resync,56,8550,8590,40,150,0.9348874092102051,1.1025488415433398,0.9438273310661316,2.967193841934204,0.3858151435852051,0.26270341873168945,0.2987265110015869,0.30459234714508054,0.30497193336486816
45,random_walk,0.25,no_resync,57,8700,8740,40,150,1.2013630867004395,1.4168139034340967,1.0,0.0,1.424243450164795,1.2231221199035645,1.1222934484481812,1.0935328483581543,1.0595633506774902
45,random_walk,0.25,output_bias_persistent,57,8700,8740,40,150,1.2013630867004395,1.4168139034340967,1.0,1.4168139034340967,0.22288036346435547,0.021759033203125,0.09941155910491943,0.11800119876861573,0.14993650436401368
45,random_walk,0.25,output_bias_decay,57,8700,8740,40,150,1.2013630867004395,1.4168139034340967,1.0,1.4168139034340967,0.8472223910889696,0.6461010608277391,0.04935877323150635,0.07217447757720948,0.06805699348449706
45,random_walk,0.25,current_reencode,57,8700,8740,40,150,1.2013630867004395,1.4168139034340967,1.0,0.5084623694419861,1.4068808555603027,1.2057595252990723,1.1356527090072632,1.0985463857650757,1.0631775093078613
45,random_walk,0.25,online_head_update,57,8700,8740,40,150,1.2013630867004395,1.4168139034340967,1.0,0.0,0.6341261863708496,0.43300485610961914,0.33477368354797366,0.3022602081298828,0.2669308376312256
45,random_walk,0.25,past_state_jacobian,57,8700,8740,40,150,1.2013630867004395,1.4168139034340967,1.0,2.473572254180908,0.5643515586853027,0.36323022842407227,0.29443480968475344,0.2928747057914734,0.2964643573760986
45,random_walk,0.25,oracle_resync,57,8700,8740,40,150,1.2013630867004395,1.4168139034340967,1.0,3.0033440589904785,0.5231122970581055,0.321990966796875,0.29135546684265134,0.29447628259658815,0.3000351524353027
45,random_walk,0.25,no_resync,58,8850,8890,40,150,1.424243450164795,1.6796653271664823,0.9336448311805725,0.0,,,1.065145492553711,1.081935429573059,1.085632209777832
45,random_walk,0.25,output_bias_persistent,58,8850,8890,40,150,1.424243450164795,1.6796653271664823,0.9336448311805725,1.6796653271664823,,,0.359097957611084,0.3423080205917358,0.3386112403869629
45,random_walk,0.25,output_bias_decay,58,8850,8890,40,150,1.424243450164795,1.6796653271664823,0.9336448311805725,1.6796653271664823,,,0.26379177570343015,0.17543967962265014,0.1560971450805664
45,random_walk,0.25,current_reencode,58,8850,8890,40,150,1.424243450164795,1.6796653271664823,0.9336448311805725,0.4326264560222626,,,1.0807249069213867,1.0945787191390992,1.096808500289917
45,random_walk,0.25,online_head_update,58,8850,8890,40,150,1.424243450164795,1.6796653271664823,0.9336448311805725,0.0,,,0.18117339611053468,0.201866614818573,0.20244983673095704
45,random_walk,0.25,past_state_jacobian,58,8850,8890,40,150,1.424243450164795,1.6796653271664823,0.9336448311805725,2.5,,,0.34640135765075686,0.3478030443191528,0.3483649730682373
45,random_walk,0.25,oracle_resync,58,8850,8890,40,150,1.424243450164795,1.6796653271664823,0.9336448311805725,2.9111592769622803,,,0.3699558019638062,0.37452503442764284,0.37458707809448244
46,none,0.0,no_resync,47,7200,7240,40,150,0.8171143531799316,0.9743877587211656,0.9803183078765869,0.0,0.7522592544555664,0.7855052947998047,0.8480395793914794,0.8434797286987304,0.840142526626587
46,none,0.0,output_bias_persistent,47,7200,7240,40,150,0.8171143531799316,0.9743877587211656,0.9803183078765869,0.9743877587211656,0.06485509872436523,0.03160905838012695,0.03448586463928223,0.029682135581970213,0.027433710098266603
46,none,0.0,output_bias_decay,47,7200,7240,40,150,0.8171143531799316,0.9743877587211656,0.9803183078765869,0.9743877587211656,0.3597948990266824,0.39304093937092066,0.08560416698455811,0.12863043546676636,0.1475772190093994
46,none,0.0,current_reencode,47,7200,7240,40,150,0.8171143531799316,0.9743877587211656,0.9803183078765869,1.3724621534347534,0.7497310638427734,0.7829771041870117,0.840321159362793,0.8389745354652405,0.8369990348815918
46,none,0.0,online_head_update,47,7200,7240,40,150,0.8171143531799316,0.9743877587211656,0.9803183078765869,0.0,0.3480243682861328,0.3812704086303711,0.4185693025588989,0.4102259039878845,0.4039539909362793
46,none,0.0,past_state_jacobian,47,7200,7240,40,150,0.8171143531799316,0.9743877587211656,0.9803183078765869,2.5,0.7205138206481934,0.7537598609924316,0.823851752281189,0.8134458899497986,0.8068601703643798
46,none,0.0,oracle_resync,47,7200,7240,40,150,0.8171143531799316,0.9743877587211656,0.9803183078765869,1.9102264642715454,0.729804515838623,0.7630505561828613,0.8165245294570923,0.8087534785270691,0.8051846218109131
46,none,0.0,no_resync,48,7350,7390,40,150,0.7522592544555664,0.8970497288092634,0.9276816844940186,0.0,0.8178615570068359,0.8575477600097656,0.8129503965377808,0.7915950775146484,0.794152603149414
46,none,0.0,output_bias_persistent,48,7350,7390,40,150,0.7522592544555664,0.8970497288092634,0.9276816844940186,0.8970497288092634,0.06560230255126953,0.10528850555419922,0.06252686977386475,0.044292140007019046,0.04585840225219726
46,none,0.0,output_bias_decay,48,7350,7390,40,150,0.7522592544555664,0.8970497288092634,0.9276816844940186,0.8970497288092634,0.4565474492979673,0.496233652300897,0.11103014945983887,0.13348401784896852,0.1565568256378174
46,none,0.0,current_reencode,48,7350,7390,40,150,0.7522592544555664,0.8970497288092634,0.9276816844940186,1.2042057514190674,0.7730240821838379,0.8127102851867676,0.7859531879425049,0.7770735263824463,0.7783215045928955
46,none,0.0,online_head_update,48,7350,7390,40,150,0.7522592544555664,0.8970497288092634,0.9276816844940186,0.0,0.4534468650817871,0.4931330680847168,0.4350250482559204,0.40204572677612305,0.4064255905151367
46,none,0.0,past_state_jacobian,48,7350,7390,40,150,0.7522592544555664,0.8970497288092634,0.9276816844940186,2.499999761581421,0.8407692909240723,0.880455493927002,0.9142017364501953,0.9437126517295837,0.952822790145874
46,none,0.0,oracle_resync,48,7350,7390,40,150,0.7522592544555664,0.8970497288092634,0.9276816844940186,3.160451650619507,0.715116024017334,0.7548022270202637,0.7242955446243287,0.7210819244384765,0.7215463638305664
46,none,0.0,no_resync,49,7500,7540,40,150,0.8178615570068359,0.9752787799832102,0.9286375641822815,0.0,0.927487850189209,0.8666563034057617,0.8299667119979859,0.8479528665542603,0.844573106765747
46,none,0.0,output_bias_persistent,49,7500,7540,40,150,0.8178615570068359,0.9752787799832102,0.9286375641822815,0.9752787799832102,0.10962629318237305,0.04879474639892578,0.022424864768981933,0.03542337417602539,0.03181279182434082
46,none,0.0,output_bias_decay,49,7500,7540,40,150,0.8178615570068359,0.9752787799832102,0.9286375641822815,0.9752787799832102,0.5346646088012683,0.47383306201782105,0.06724116802215577,0.13265342712402345,0.15153731346130372
46,none,0.0,current_reencode,49,7500,7540,40,150,0.8178615570068359,0.9752787799832102,0.9286375641822815,1.4615238904953003,0.9209351539611816,0.8601036071777344,0.8318459272384644,0.8386887788772583,0.8383238124847412
46,none,0.0,online_head_update,49,7500,7540,40,150,0.8178615570068359,0.9752787799832102,0.9286375641822815,0.0,0.5127644538879395,0.4519329071044922,0.41290485858917236,0.4351565718650818,0.43046448707580565
46,none,0.0,past_state_jacobian,49,7500,7540,40,150,0.8178615570068359,0.9752787799832102,0.9286375641822815,2.5,0.9183077812194824,0.8574762344360352,0.8046866655349731,0.8160489439964295,0.8169192409515381
46,none,0.0,oracle_resync,49,7500,7540,40,150,0.8178615570068359,0.9752787799832102,0.9286375641822815,2.36065673828125,0.9063296318054199,0.8454980850219727,0.7820855855941773,0.767553198337555,0.7748147201538086
46,none,0.0,no_resync,50,7650,7690,40,150,0.927487850189209,1.1060053027706027,0.8358880281448364,0.0,1.1649107933044434,0.8649287223815918,0.8843482732772827,0.8813032746315003,0.8803128147125244
46,none,0.0,output_bias_persistent,50,7650,7690,40,150,0.927487850189209,1.1060053027706027,0.8358880281448364,1.1060053027706027,0.23742294311523438,0.06255912780761719,0.045852255821228025,0.04852973222732544,0.04911421775817871
46,none,0.0,output_bias_decay,50,7650,7690,40,150,0.927487850189209,1.1060053027706027,0.8358880281448364,1.1060053027706027,0.7194334621621845,0.41945139123933295,0.029502058029174806,0.07518260478973389,0.09842849731445312
46,none,0.0,current_reencode,50,7650,7690,40,150,0.927487850189209,1.1060053027706027,0.8358880281448364,0.9920592308044434,1.1488122940063477,0.8488302230834961,0.8730719804763794,0.8679765939712525,0.8657654190063476
46,none,0.0,online_head_update,50,7650,7690,40,150,0.927487850189209,1.1060053027706027,0.8358880281448364,0.0,0.6729927062988281,0.37301063537597656,0.3928943157196045,0.39063377380371095,0.3899610710144043
46,none,0.0,past_state_jacobian,50,7650,7690,40,150,0.927487850189209,1.1060053027706027,0.8358880281448364,2.499999761581421,1.129533290863037,0.8295512199401855,0.849563455581665,0.8430979371070861,0.8399373912811279
46,none,0.0,oracle_resync,50,7650,7690,40,150,0.927487850189209,1.1060053027706027,0.8358880281448364,3.3260858058929443,1.1098785400390625,0.8098964691162109,0.8212689638137818,0.8180552005767823,0.8152221870422364
46,none,0.0,no_resync,51,7800,7840,40,150,1.1649107933044434,1.3891260293992949,0.9179913401603699,0.0,0.11751937866210938,0.8368215560913086,0.8670515537261962,0.8541592836380005,0.8521675777435302
46,none,0.0,output_bias_persistent,51,7800,7840,40,150,1.1649107933044434,1.3891260293992949,0.9179913401603699,1.3891260293992949,1.2824301719665527,0.32808923721313477,0.29785923957824706,0.3107515096664429,0.3127432155609131
46,none,0.0,output_bias_decay,51,7800,7840,40,150,1.1649107933044434,1.3891260293992949,0.9179913401603699,1.3891260293992949,0.6770322079829576,0.27730872677046037,0.21990675926208497,0.16495833396911622,0.13683427810668947
46,none,0.0,current_reencode,51,7800,7840,40,150,1.1649107933044434,1.3891260293992949,0.9179913401603699,0.7548144459724426,0.10450935363769531,0.8498315811157227,0.8517769575119019,0.8404107332229614,0.8401970291137695
46,none,0.0,online_head_update,51,7800,7840,40,150,1.1649107933044434,1.3891260293992949,0.9179913401603699,0.0,0.6846132278442383,0.2697277069091797,0.3102200984954834,0.29520019292831423,0.2918139934539795
46,none,0.0,past_state_jacobian,51,7800,7840,40,150,1.1649107933044434,1.3891260293992949,0.9179913401603699,2.5,0.11788797378540039,0.8364529609680176,0.8161993741989135,0.805592930316925,0.804864091873169
46,none,0.0,oracle_resync,51,7800,7840,40,150,1.1649107933044434,1.3891260293992949,0.9179913401603699,3.3171751499176025,0.14564228057861328,0.8086986541748047,0.7959019660949707,0.7893354535102844,0.7881313323974609
46,none,0.0,no_resync,52,7950,7990,40,150,-0.11751937866210938,-0.14013882333022892,0.38609904050827026,0.0,0.8823895454406738,0.8418922424316406,0.8724733352661133,0.8661628603935242,0.8640012073516846
46,none,0.0,output_bias_persistent,52,7950,7990,40,150,-0.11751937866210938,-0.14013882333022892,0.38609904050827026,0.14013882333022892,0.9999089241027832,0.95941162109375,0.9899927139282226,0.9836822390556336,0.981520586013794
46,none,0.0,output_bias_decay,52,7950,7990,40,150,-0.11751937866210938,-0.14013882333022892,0.38609904050827026,0.14013882333022892,0.938834725992864,0.8983374229838308,0.9821286678314209,0.968974232673645,0.9636076354980468
46,none,0.0,current_reencode,52,7950,7990,40,150,-0.11751937866210938,-0.14013882333022892,0.38609904050827026,0.7928910255432129,0.8722620010375977,0.8317646980285645,0.856706190109253,0.8534377574920654,0.8513980770111084
46,none,0.0,online_head_update,52,7950,7990,40,150,-0.11751937866210938,-0.14013882333022892,0.38609904050827026,0.0,0.9430832862854004,0.9025859832763672,0.9314018249511719,0.9257161736488342,0.9234487247467041
46,none,0.0,past_state_jacobian,52,7950,7990,40,150,-0.11751937866210938,-0.14013882333022892,0.38609904050827026,1.4545090198516846,0.8552284240722656,0.8147311210632324,0.8912796020507813,0.8198046445846557,0.8138561344146729
46,none,0.0,oracle_resync,52,7950,7990,40,150,-0.11751937866210938,-0.14013882333022892,0.38609904050827026,3.342043161392212,0.8362231254577637,0.7957258224487305,0.7893591165542603,0.790581476688385,0.7908732318878173
46,none,0.0,no_resync,53,8100,8140,40,150,0.8823895454406738,1.0522267393234706,0.8763974905014038,0.0,0.8107938766479492,0.9025616645812988,0.866010046005249,0.875270402431488,0.875483112335205
46,none,0.0,output_bias_persistent,53,8100,8140,40,150,0.8823895454406738,1.0522267393234706,0.8763974905014038,1.0522267393234706,0.07159566879272461,0.020172119140625,0.025496673583984376,0.020163118839263916,0.02002004623413086
46,none,0.0,output_bias_decay,53,8100,8140,40,150,0.8823895454406738,1.0522267393234706,0.8763974905014038,1.0522267393234706,0.38697750034657474,0.47874528827992435,0.05704944133758545,0.11050633192062378,0.1333449649810791
46,none,0.0,current_reencode,53,8100,8140,40,150,0.8823895454406738,1.0522267393234706,0.8763974905014038,0.584282636642456,0.802945613861084,0.8947134017944336,0.8576647520065308,0.8661668777465821,0.8669207191467285
46,none,0.0,online_head_update,53,8100,8140,40,150,0.8823895454406738,1.0522267393234706,0.8763974905014038,0.0,0.32883787155151367,0.4206056594848633,0.3857334852218628,0.3965797185897827,0.39637030601501466
46,none,0.0,past_state_jacobian,53,8100,8140,40,150,0.8823895454406738,1.0522267393234706,0.8763974905014038,2.500000238418579,0.7836861610412598,0.8754539489746094,0.8173347473144531,0.8285251736640931,0.8312508296966553
46,none,0.0,oracle_resync,53,8100,8140,40,150,0.8823895454406738,1.0522267393234706,0.8763974905014038,3.3508126735687256,0.7483654022216797,0.8401331901550293,0.7948586940765381,0.7998494386672974,0.8017953491210937
46,none,0.0,no_resync,54,8250,8290,40,150,0.8107938766479492,0.9668507537253765,0.9300976395606995,0.0,1.0002894401550293,0.9684677124023438,0.92218017578125,0.9277476668357849,0.9298818683624268
46,none,0.0,output_bias_persistent,54,8250,8290,40,150,0.8107938766479492,0.9668507537253765,0.9300976395606995,0.9668507537253765,0.18949556350708008,0.15767383575439453,0.11138629913330078,0.1169537901878357,0.11908799171447754
46,none,0.0,output_bias_decay,54,8250,8290,40,150,0.8107938766479492,0.9668507537253765,0.9300976395606995,0.9668507537253765,0.6108608431098705,0.579039115357185,0.16564223766326905,0.218427836894989,0.2426736545562744
46,none,0.0,current_reencode,54,8250,8290,40,150,0.8107938766479492,0.9668507537253765,0.9300976395606995,0.7978286147117615,0.9911470413208008,0.9593253135681152,0.9135212421417236,0.9200154900550842,0.9219355773925781
46,none,0.0,online_head_update,54,8250,8290,40,150,0.8107938766479492,0.9668507537253765,0.9300976395606995,0.0,0.5652909278869629,0.5334692001342773,0.48386762142181394,0.4880910634994507,0.490035924911499
46,none,0.0,past_state_jacobian,54,8250,8290,40,150,0.8107938766479492,0.9668507537253765,0.9300976395606995,2.500000238418579,0.970055103302002,0.9382333755493164,0.8875964641571045,0.8972180962562561,0.8999614334106445
46,none,0.0,oracle_resync,54,8250,8290,40,150,0.8107938766479492,0.9668507537253765,0.9300976395606995,3.346513032913208,0.9398727416992188,0.9080510139465332,0.8417326450347901,0.8515748739242553,0.8553969955444336
46,none,0.0,no_resync,55,8400,8440,40,150,1.0002894401550293,1.1928193182166298,1.0,0.0,1.1931090354919434,0.9384026527404785,0.9696240186691284,0.9730928063392639,0.9696262741088867
46,none,0.0,output_bias_persistent,55,8400,8440,40,150,1.0002894401550293,1.1928193182166298,1.0,1.1928193182166298,0.19281959533691406,0.06188678741455078,0.03066542148590088,0.027680861949920654,0.03124605178833008
46,none,0.0,output_bias_decay,55,8400,8440,40,150,1.0002894401550293,1.1928193182166298,1.0,1.1928193182166298,0.7126647147613347,0.4579583320098699,0.03960361480712891,0.09965980052947998,0.12313945770263672
46,none,0.0,current_reencode,55,8400,8440,40,150,1.0002894401550293,1.1928193182166298,1.0,0.5310537815093994,1.1918764114379883,0.9371700286865234,0.9628548145294189,0.9655197501182556,0.9629307746887207
46,none,0.0,online_head_update,55,8400,8440,40,150,1.0002894401550293,1.1928193182166298,1.0,0.0,0.6915993690490723,0.4368929862976074,0.45574498176574707,0.45995556116104125,0.45645545959472655
46,none,0.0,past_state_jacobian,55,8400,8440,40,150,1.0002894401550293,1.1928193182166298,1.0,2.5,1.165982723236084,0.9112763404846191,0.9462967395782471,0.9441742062568664,0.9423480224609375
46,none,0.0,oracle_resync,55,8400,8440,40,150,1.0002894401550293,1.1928193182166298,1.0,3.350231170654297,1.1469883918762207,0.8922820091247559,0.9044620990753174,0.9060370087623596,0.90610200881958
46,none,0.0,no_resync,56,8550,8590,40,150,1.1931090354919434,1.4227517047995952,0.9492986798286438,0.0,0.8316984176635742,0.9571256637573242,0.9474317312240601,0.9503024101257325,0.9501896286010743
46,none,0.0,output_bias_persistent,56,8550,8590,40,150,1.1931090354919434,1.4227517047995952,0.9492986798286438,1.4227517047995952,0.36141061782836914,0.23598337173461914,0.2456773042678833,0.24280662536621095,0.24291940689086913
46,none,0.0,output_bias_decay,56,8550,8590,40,150,1.1931090354919434,1.4227517047995952,0.9492986798286438,1.4227517047995952,0.2586418231386567,0.3840690692324067,0.1658379077911377,0.10377417802810669,0.09674762725830079
46,none,0.0,current_reencode,56,8550,8590,40,150,1.1931090354919434,1.4227517047995952,0.9492986798286438,0.3937775492668152,0.8179469108581543,0.9433741569519043,0.9438751935958862,0.945210313796997,0.9447099494934083
46,none,0.0,online_head_update,56,8550,8590,40,150,1.1931090354919434,1.4227517047995952,0.9492986798286438,0.0,0.26549577713012695,0.39092302322387695,0.3741616725921631,0.37589497566223146,0.37640743255615233
46,none,0.0,past_state_jacobian,56,8550,8590,40,150,1.1931090354919434,1.4227517047995952,0.9492986798286438,2.500000238418579,0.7760167121887207,0.9014439582824707,0.9216870546340943,0.9163273453712464,0.9147338962554932
46,none,0.0,oracle_resync,56,8550,8590,40,150,1.1931090354919434,1.4227517047995952,0.9492986798286438,3.355116844177246,0.7304110527038574,0.8558382987976074,0.8914323329925538,0.8917242527008057,0.8904061698913575
46,none,0.0,no_resync,57,8700,8740,40,150,0.8316984176635742,0.9917788788868546,0.9130407571792603,0.0,0.6466360092163086,0.8146977424621582,0.89476158618927,0.9034360647201538,0.9018294906616211
46,none,0.0,output_bias_persistent,57,8700,8740,40,150,0.8316984176635742,0.9917788788868546,0.9130407571792603,0.9917788788868546,0.18506240844726562,0.017000675201416016,0.0630631685256958,0.07173764705657959,0.07013107299804687
46,none,0.0,output_bias_decay,57,8700,8740,40,150,0.8316984176635742,0.9917788788868546,0.9130407571792603,0.9917788788868546,0.24716685030449614,0.41522858355034575,0.11871800422668458,0.1758279323577881,0.196903076171875
46,none,0.0,current_reencode,57,8700,8740,40,150,0.8316984176635742,0.9917788788868546,0.9130407571792603,0.6955915093421936,0.6470761299133301,0.8151378631591797,0.8891900300979614,0.8959403038024902,0.8947069263458252
46,none,0.0,online_head_update,57,8700,8740,40,150,0.8316984176635742,0.9917788788868546,0.9130407571792603,0.0,0.2143702507019043,0.3824319839477539,0.446120285987854,0.4552030086517334,0.45139548301696775
46,none,0.0,past_state_jacobian,57,8700,8740,40,150,0.8316984176635742,0.9917788788868546,0.9130407571792603,2.499999761581421,0.6285538673400879,0.7966156005859375,0.8369300842285157,0.8411357760429382,0.8406373023986816
46,none,0.0,oracle_resync,57,8700,8740,40,150,0.8316984176635742,0.9917788788868546,0.9130407571792603,3.315154790878296,0.624208927154541,0.7922706604003906,0.8321756362915039,0.8332303881645202,0.8319626045227051
46,none,0.0,no_resync,58,8850,8890,40,150,0.6466360092163086,0.7710967372885361,1.0,0.0,,,0.880089545249939,0.8822723865509033,0.8838862228393555
46,none,0.0,output_bias_persistent,58,8850,8890,40,150,0.6466360092163086,0.7710967372885361,1.0,0.7710967372885361,,,0.23345353603363037,0.23563637733459472,0.23725021362304688
46,none,0.0,output_bias_decay,58,8850,8890,40,150,0.6466360092163086,0.7710967372885361,1.0,0.7710967372885361,,,0.2767245054244995,0.3165653824806213,0.3358139991760254
46,none,0.0,current_reencode,58,8850,8890,40,150,0.6466360092163086,0.7710967372885361,1.0,0.9012875556945801,,,0.8677830219268798,0.8696056962013244,0.8719806861877442
46,none,0.0,online_head_update,58,8850,8890,40,150,0.6466360092163086,0.7710967372885361,1.0,0.0,,,0.5380011558532715,0.5390779137611389,0.5400199508666992
46,none,0.0,past_state_jacobian,58,8850,8890,40,150,0.6466360092163086,0.7710967372885361,1.0,2.5,,,0.8137769937515259,0.8204106092453003,0.8255848503112793
46,none,0.0,oracle_resync,58,8850,8890,40,150,0.6466360092163086,0.7710967372885361,1.0,3.303236722946167,,,0.8007399320602417,0.8031927108764648,0.8052936840057373
46,step,0.25,no_resync,47,7200,7240,40,150,0.8148412704467773,0.971677166279451,0.9803183078765869,0.0,0.8169026374816895,0.8501486778259277,0.8674974203109741,0.8667693853378295,0.8653131675720215
46,step,0.25,output_bias_persistent,47,7200,7240,40,150,0.8148412704467773,0.971677166279451,0.9803183078765869,0.971677166279451,0.0020613670349121094,0.03530740737915039,0.052656149864196776,0.05194082260131836,0.05048206329345703
46,step,0.25,output_bias_decay,47,7200,7240,40,150,0.8148412704467773,0.971677166279451,0.9803183078765869,0.971677166279451,0.42553005573935554,0.4587760960835938,0.10718297958374023,0.15390869379043579,0.17467445373535156
46,step,0.25,current_reencode,47,7200,7240,40,150,0.8148412704467773,0.971677166279451,0.9803183078765869,1.3716702461242676,0.8130903244018555,0.8463363647460938,0.8599628686904908,0.8623986959457397,0.8623379802703858
46,step,0.25,online_head_update,47,7200,7240,40,150,0.8148412704467773,0.971677166279451,0.9803183078765869,0.0,0.41971588134765625,0.45296192169189453,0.43818566799163816,0.4335135340690613,0.4286974048614502
46,step,0.25,past_state_jacobian,47,7200,7240,40,150,0.8148412704467773,0.971677166279451,0.9803183078765869,2.500000238418579,0.7841753959655762,0.8174214363098145,0.8419733762741088,0.836627995967865,0.8324895095825195
46,step,0.25,oracle_resync,47,7200,7240,40,150,0.8148412704467773,0.971677166279451,0.9803183078765869,1.8880019187927246,0.7934904098510742,0.8267364501953125,0.837348747253418,0.8339653134346008,0.8322828006744385
46,step,0.25,no_resync,48,7350,7390,40,150,0.8169026374816895,0.9741352932199864,0.9276816844940186,0.0,0.9427237510681152,0.9824099540710449,0.8978391170501709,0.8833718538284302,0.887139024734497
46,step,0.25,output_bias_persistent,48,7350,7390,40,150,0.8169026374816895,0.9741352932199864,0.9276816844940186,0.9741352932199864,0.12582111358642578,0.16550731658935547,0.08093647956848145,0.06646921634674072,0.07023638725280762
46,step,0.25,output_bias_decay,48,7350,7390,40,150,0.8169026374816895,0.9741352932199864,0.9276816844940186,0.9741352932199864,0.5503610838114215,0.5900472868143511,0.13560118675231933,0.16870776414871216,0.19475315093994142
46,step,0.25,current_reencode,48,7350,7390,40,150,0.8169026374816895,0.9741352932199864,0.9276816844940186,1.1249349117279053,0.8960928916931152,0.9357790946960449,0.872928524017334,0.869137978553772,0.8722266101837158
46,step,0.25,online_head_update,48,7350,7390,40,150,0.8169026374816895,0.9741352932199864,0.9276816844940186,0.0,0.5366263389587402,0.5763125419616699,0.4835560083389282,0.4578355312347412,0.462966833114624
46,step,0.25,past_state_jacobian,48,7350,7390,40,150,0.8169026374816895,0.9741352932199864,0.9276816844940186,2.499999761581421,0.9162397384643555,0.9559259414672852,0.9466008186340332,0.9821999192237854,1.0015099811553956
46,step,0.25,oracle_resync,48,7350,7390,40,150,0.8169026374816895,0.9741352932199864,0.9276816844940186,3.2161145210266113,0.8388404846191406,0.8785266876220703,0.8107982873916626,0.8122241139411926,0.8148402500152588
46,step,0.25,no_resync,49,7500,7540,40,150,0.9427237510681152,1.124173720999607,0.9286375641822815,0.0,1.0885052680969238,1.0276737213134766,0.9735113143920898,0.9945513725280761,0.9940481662750245
46,step,0.25,output_bias_persistent,49,7500,7540,40,150,0.9427237510681152,1.124173720999607,0.9286375641822815,1.124173720999607,0.1457815170288086,0.08494997024536133,0.03354721069335938,0.05320744514465332,0.052428274154663085
46,step,0.25,output_bias_decay,49,7500,7540,40,150,0.9427237510681152,1.124173720999607,0.9286375641822815,1.124173720999607,0.6357100529956474,0.5748785062122002,0.09387190341949463,0.16981321573257446,0.19501954078674316
46,step,0.25,current_reencode,49,7500,7540,40,150,0.9427237510681152,1.124173720999607,0.9286375641822815,1.2471400499343872,1.0839624404907227,1.0231308937072754,0.9721709966659546,0.9827581644058228,0.9838464927673339
46,step,0.25,online_head_update,49,7500,7540,40,150,0.9427237510681152,1.124173720999607,0.9286375641822815,0.0,0.611760139465332,0.5509285926818848,0.4949519157409668,0.5201964497566223,0.5191319370269776
46,step,0.25,past_state_jacobian,49,7500,7540,40,150,0.9427237510681152,1.124173720999607,0.9286375641822815,2.500000238418579,1.0804438591003418,1.0196123123168945,0.9452572584152221,0.960142183303833,0.962919282913208
46,step,0.25,oracle_resync,49,7500,7540,40,150,0.9427237510681152,1.124173720999607,0.9286375641822815,2.329292058944702,1.0660686492919922,1.005237102508545,0.9353603839874267,0.9473058104515075,0.9503246879577637
46,step,0.25,no_resync,50,7650,7690,40,150,1.0885052680969238,1.298014414273285,0.8358880281448364,0.0,1.3274502754211426,1.027468204498291,1.0480054140090942,1.0436487436294555,1.0422770023345946
46,step,0.25,output_bias_persistent,50,7650,7690,40,150,1.0885052680969238,1.298014414273285,0.8358880281448364,1.298014414273285,0.23894500732421875,0.06103706359863281,0.040994811058044436,0.04545450210571289,0.046706647872924806
46,step,0.25,output_bias_decay,50,7650,7690,40,150,1.0885052680969238,1.298014414273285,0.8358880281448364,1.298014414273285,0.8046354248900167,0.5046533539671652,0.039428186416625974,0.09491840600967408,0.12252304077148438
46,step,0.25,current_reencode,50,7650,7690,40,150,1.0885052680969238,1.298014414273285,0.8358880281448364,0.8159613013267517,1.3191609382629395,1.019178867340088,1.038344645500183,1.0337309956550598,1.0316845893859863
46,step,0.25,online_head_update,50,7650,7690,40,150,1.0885052680969238,1.298014414273285,0.8358880281448364,0.0,0.7746944427490234,0.4747123718261719,0.4993784427642822,0.49504460096359254,0.49369279861450194
46,step,0.25,past_state_jacobian,50,7650,7690,40,150,1.0885052680969238,1.298014414273285,0.8358880281448364,2.5,1.2988739013671875,0.9988918304443359,1.0215465545654296,1.0144659280776978,1.0110008907318115
46,step,0.25,oracle_resync,50,7650,7690,40,150,1.0885052680969238,1.298014414273285,0.8358880281448364,3.3464157581329346,1.280825138092041,0.9808430671691895,0.9853301286697388,0.9829698085784913,0.9805311012268066
46,step,0.25,no_resync,51,7800,7840,40,150,1.3274502754211426,1.5829501631536977,0.9179913401603699,0.0,0.09176921844482422,1.0461101531982422,1.033256506919861,1.0236830830574035,1.024359655380249
46,step,0.25,output_bias_persistent,51,7800,7840,40,150,1.3274502754211426,1.5829501631536977,0.9179913401603699,1.5829501631536977,1.2356810569763184,0.2813401222229004,0.29419376850128176,0.303767192363739,0.30309062004089354
46,step,0.25,output_bias_decay,51,7800,7840,40,150,1.3274502754211426,1.5829501631536977,0.9179913401603699,1.5829501631536977,0.5458121857730651,0.40852874898035285,0.20536463260650634,0.1378243684768677,0.11961137771606445
46,step,0.25,current_reencode,51,7800,7840,40,150,1.3274502754211426,1.5829501631536977,0.9179913401603699,0.47678396105766296,0.09494733810424805,1.049288272857666,1.0254119396209718,1.016783857345581,1.0178670692443847
46,step,0.25,online_head_update,51,7800,7840,40,150,1.3274502754211426,1.5829501631536977,0.9179913401603699,0.0,0.4899892807006836,0.4643516540527344,0.4620114088058472,0.4507944345474243,0.4501729679107666
46,step,0.25,past_state_jacobian,51,7800,7840,40,150,1.3274502754211426,1.5829501631536977,0.9179913401603699,2.500000238418579,0.07748937606811523,1.0318303108215332,0.9938910722732544,0.9841375470161438,0.9834299468994141
46,step,0.25,oracle_resync,51,7800,7840,40,150,1.3274502754211426,1.5829501631536977,0.9179913401603699,3.3287947177886963,0.04818153381347656,1.0025224685668945,0.969687533378601,0.965516197681427,0.9651821517944336
46,step,0.25,no_resync,52,7950,7990,40,150,0.09176921844482422,0.10943242244131154,0.38609904050827026,0.0,1.1058745384216309,1.0653772354125977,1.0753059387207031,1.0727100133895875,1.0714403247833253
46,step,0.25,output_bias_persistent,52,7950,7990,40,150,0.09176921844482422,0.10943242244131154,0.38609904050827026,0.10943242244131154,1.0141053199768066,0.9736080169677734,0.9835367202758789,0.9809407949447632,0.979671106338501
46,step,0.25,output_bias_decay,52,7950,7990,40,150,0.09176921844482422,0.10943242244131154,0.38609904050827026,0.10943242244131154,1.0617972963257136,1.0212999933166804,0.9896776437759399,0.992426073551178,0.9936590766906739
46,step,0.25,current_reencode,52,7950,7990,40,150,0.09176921844482422,0.10943242244131154,0.38609904050827026,0.5517029762268066,1.1017041206359863,1.0612068176269531,1.0672398805618286,1.0657444238662719,1.064634313583374
46,step,0.25,online_head_update,52,7950,7990,40,150,0.09176921844482422,0.10943242244131154,0.38609904050827026,0.0,1.057891845703125,1.0173945426940918,1.0283094882965087,1.0254761338233949,1.0242554569244384
46,step,0.25,past_state_jacobian,52,7950,7990,40,150,0.09176921844482422,0.10943242244131154,0.38609904050827026,1.1150789260864258,1.0946011543273926,1.0541038513183594,1.0501265287399293,1.0501007676124572,1.049759635925293
46,step,0.25,oracle_resync,52,7950,7990,40,150,0.09176921844482422,0.10943242244131154,0.38609904050827026,3.351135730743408,1.0618529319763184,1.0213556289672852,0.9941443681716919,0.9973917245864868,0.9987419986724854
46,step,0.25,no_resync,53,8100,8140,40,150,1.1058745384216309,1.3187268204578653,0.8763974905014038,0.0,1.0734481811523438,1.1652159690856934,1.1035474777221679,1.1162795186042787,1.1177785205841064
46,step,0.25,output_bias_persistent,53,8100,8140,40,150,1.1058745384216309,1.3187268204578653,0.8763974905014038,1.3187268204578653,0.03242635726928711,0.0593414306640625,0.019485998153686523,0.02131150960922241,0.02129776954650879
46,step,0.25,output_bias_decay,53,8100,8140,40,150,1.1058745384216309,1.3187268204578653,0.8763974905014038,1.3187268204578653,0.5422907780081996,0.6340585659415492,0.07550580501556396,0.15072499513626098,0.1819998264312744
46,step,0.25,current_reencode,53,8100,8140,40,150,1.1058745384216309,1.3187268204578653,0.8763974905014038,0.4304090440273285,1.0702104568481445,1.1619782447814941,1.0992361307144165,1.111616277694702,1.1134331798553467
46,step,0.25,online_head_update,53,8100,8140,40,150,1.1058745384216309,1.3187268204578653,0.8763974905014038,0.0,0.5104179382324219,0.6021857261657715,0.5402406930923462,0.5550137162208557,0.5560648536682129
46,step,0.25,past_state_jacobian,53,8100,8140,40,150,1.1058745384216309,1.3187268204578653,0.8763974905014038,2.5,1.0479464530944824,1.139714241027832,1.0559467554092408,1.0697559475898744,1.073849048614502
46,step,0.25,oracle_resync,53,8100,8140,40,150,1.1058745384216309,1.3187268204578653,0.8763974905014038,3.35599684715271,1.0129261016845703,1.10469388961792,1.0333419799804688,1.0409614324569703,1.0440613651275634
46,step,0.25,no_resync,54,8250,8290,40,150,1.0734481811523438,1.2800592270418982,0.9300976395606995,0.0,1.28623628616333,1.2544145584106445,1.1958106994628905,1.203958237171173,1.2058516597747804
46,step,0.25,output_bias_persistent,54,8250,8290,40,150,1.0734481811523438,1.2800592270418982,0.9300976395606995,1.2800592270418982,0.21278810501098633,0.18096637725830078,0.12236251831054687,0.13051005601882934,0.1324034786224365
46,step,0.25,output_bias_decay,54,8250,8290,40,150,1.0734481811523438,1.2800592270418982,0.9300976395606995,1.2800592270418982,0.7706534343106561,0.7388317065579706,0.19419455528259277,0.2648563027381897,0.29602434158325197
46,step,0.25,current_reencode,54,8250,8290,40,150,1.0734481811523438,1.2800592270418982,0.9300976395606995,0.66197270154953,1.2820510864257812,1.2502293586730957,1.1918792486190797,1.2002242922782898,1.2021167182922363
46,step,0.25,online_head_update,54,8250,8290,40,150,1.0734481811523438,1.2800592270418982,0.9300976395606995,0.0,0.7498636245727539,0.7180418968200684,0.6517074823379516,0.661040997505188,0.6629252910614014
46,step,0.25,past_state_jacobian,54,8250,8290,40,150,1.0734481811523438,1.2800592270418982,0.9300976395606995,2.500000238418579,1.2600398063659668,1.2282180786132812,1.1640817642211914,1.1756587982177735,1.1789105415344239
46,step,0.25,oracle_resync,54,8250,8290,40,150,1.0734481811523438,1.2800592270418982,0.9300976395606995,3.364063024520874,1.2293143272399902,1.1974925994873047,1.1155925989151,1.1270845174789428,1.131653356552124
46,step,0.25,no_resync,55,8400,8440,40,150,1.2862367630004883,1.5338041142068066,1.0,0.0,1.5024785995483398,1.247772216796875,1.2577520847320556,1.263397204875946,1.2613949584960937
46,step,0.25,output_bias_persistent,55,8400,8440,40,150,1.2862367630004883,1.5338041142068066,1.0,1.5338041142068066,0.21624183654785156,0.03846454620361328,0.028484678268432616,0.023664700984954833,0.02580059051513672
46,step,0.25,output_bias_decay,55,8400,8440,40,150,1.2862367630004883,1.5338041142068066,1.0,1.5338041142068066,0.8846922638226218,0.6299858810711569,0.05948038101196289,0.13908491134643555,0.1719709587097168
46,step,0.25,current_reencode,55,8400,8440,40,150,1.2862367630004883,1.5338041142068066,1.0,0.27377116680145264,1.5021710395812988,1.247464656829834,1.2552661895751953,1.2613056182861329,1.2595867252349853
46,step,0.25,online_head_update,55,8400,8440,40,150,1.2862367630004883,1.5338041142068066,1.0,0.0,0.9561848640441895,0.7014784812927246,0.697150731086731,0.7035993218421936,0.7020335006713867
46,step,0.25,past_state_jacobian,55,8400,8440,40,150,1.2862367630004883,1.5338041142068066,1.0,2.5,1.4718151092529297,1.2171087265014648,1.2390609979629517,1.2381144881248474,1.2371488666534425
46,step,0.25,oracle_resync,55,8400,8440,40,150,1.2862367630004883,1.5338041142068066,1.0,3.358721971511841,1.4557042121887207,1.2009978294372559,1.1949201107025147,1.1980535507202148,1.1988375568389893
46,step,0.25,no_resync,56,8550,8590,40,150,1.5024785995483398,1.7916669183977054,0.9492986798286438,0.0,1.1693978309631348,1.2948250770568848,1.2664121627807616,1.2690190553665162,1.2699899864196778
46,step,0.25,output_bias_persistent,56,8550,8590,40,150,1.5024785995483398,1.7916669183977054,0.9492986798286438,1.7916669183977054,0.3330807685852051,0.20765352249145508,0.23606643676757813,0.23345954418182374,0.23248861312866212
46,step,0.25,output_bias_decay,56,8550,8590,40,150,1.5024785995483398,1.7916669183977054,0.9492986798286438,1.7916669183977054,0.4477493948260891,0.5731766409198391,0.13552489280700683,0.10025205612182617,0.11306382179260253
46,step,0.25,current_reencode,56,8550,8590,40,150,1.5024785995483398,1.7916669183977054,0.9492986798286438,0.11390272527933121,1.1669411659240723,1.2923684120178223,1.2649486541748047,1.2676563262939453,1.2686251068115235
46,step,0.25,online_head_update,56,8550,8590,40,150,1.5024785995483398,1.7916669183977054,0.9492986798286438,0.0,0.6004505157470703,0.7258777618408203,0.6956025123596191,0.6963083148002625,0.6974413299560547
46,step,0.25,past_state_jacobian,56,8550,8590,40,150,1.5024785995483398,1.7916669183977054,0.9492986798286438,2.5,1.1163830757141113,1.2418103218078613,1.2391535997390748,1.2361485362052917,1.2354032516479492
46,step,0.25,oracle_resync,56,8550,8590,40,150,1.5024785995483398,1.7916669183977054,0.9492986798286438,3.361333131790161,1.076197624206543,1.201624870300293,1.207496738433838,1.2110193371772766,1.2111184787750244
46,step,0.25,no_resync,57,8700,8740,40,150,1.1693978309631348,1.3944767058995118,0.9130407571792603,0.0,1.049591064453125,1.2176527976989746,1.2602605819702148,1.2709676384925843,1.2710737991333008
46,step,0.25,output_bias_persistent,57,8700,8740,40,150,1.1693978309631348,1.3944767058995118,0.9130407571792603,1.3944767058995118,0.11980676651000977,0.048254966735839844,0.09086275100708008,0.10156980752944947,0.10167596817016601
46,step,0.25,output_bias_decay,57,8700,8740,40,150,1.1693978309631348,1.3944767058995118,0.9130407571792603,1.3944767058995118,0.48792308715861843,0.655984820404468,0.16911544799804687,0.24792453050613403,0.2799219799041748
46,step,0.25,current_reencode,57,8700,8740,40,150,1.1693978309631348,1.3944767058995118,0.9130407571792603,0.5530064105987549,1.0496582984924316,1.2177200317382812,1.2580472707748414,1.2684100031852723,1.26864333152771
46,step,0.25,online_head_update,57,8700,8740,40,150,1.1693978309631348,1.3944767058995118,0.9130407571792603,0.0,0.49295854568481445,0.6610202789306641,0.6889280557632447,0.7002980589866639,0.69840407371521
46,step,0.25,past_state_jacobian,57,8700,8740,40,150,1.1693978309631348,1.3944767058995118,0.9130407571792603,2.500000238418579,1.0303535461425781,1.1984152793884277,1.2011792182922363,1.2094149351119996,1.210915870666504
46,step,0.25,oracle_resync,57,8700,8740,40,150,1.1693978309631348,1.3944767058995118,0.9130407571792603,3.3264412879943848,1.0216455459594727,1.1897072792053223,1.1960795402526856,1.2004006505012512,1.2006971168518066
46,step,0.25,no_resync,58,8850,8890,40,150,1.049591064453125,1.2516102316477589,1.0,0.0,,,1.2930328845977783,1.297984254360199,1.3019431591033936
46,step,0.25,output_bias_persistent,58,8850,8890,40,150,1.049591064453125,1.2516102316477589,1.0,1.2516102316477589,,,0.24344182014465332,0.24839318990707399,0.25235209465026853
46,step,0.25,output_bias_decay,58,8850,8890,40,150,1.049591064453125,1.2516102316477589,1.0,1.2516102316477589,,,0.31367738246917726,0.3797536015510559,0.412336483001709
46,step,0.25,current_reencode,58,8850,8890,40,150,1.049591064453125,1.2516102316477589,1.0,0.5875005722045898,,,1.2869667053222655,1.2919923543930054,1.296124391555786
46,step,0.25,online_head_update,58,8850,8890,40,150,1.049591064453125,1.2516102316477589,1.0,0.0,,,0.7484981298446656,0.7524017691612244,0.7561040782928466
46,step,0.25,past_state_jacobian,58,8850,8890,40,150,1.049591064453125,1.2516102316477589,1.0,2.499999761581421,,,1.2304333925247193,1.240523338317871,1.2469478893280028
46,step,0.25,oracle_resync,58,8850,8890,40,150,1.049591064453125,1.2516102316477589,1.0,3.3218376636505127,,,1.214687705039978,1.220320427417755,1.2236787319183349
46,ramp,0.25,no_resync,47,7200,7240,40,150,0.8171143531799316,0.9743877587211656,0.9803183078765869,0.0,0.7617130279541016,0.7949590682983398,0.8492275238037109,0.8450837135314941,0.8419703674316407
46,ramp,0.25,output_bias_persistent,47,7200,7240,40,150,0.8171143531799316,0.9743877587211656,0.9803183078765869,0.9743877587211656,0.05540132522583008,0.022155284881591797,0.035180091857910156,0.030797338485717772,0.028483753204345704
46,ramp,0.25,output_bias_decay,47,7200,7240,40,150,0.8171143531799316,0.9743877587211656,0.9803183078765869,0.9743877587211656,0.36924867252521754,0.4024947128694558,0.08679211139678955,0.13023442029953003,0.14940505981445312
46,ramp,0.25,current_reencode,47,7200,7240,40,150,0.8171143531799316,0.9743877587211656,0.9803183078765869,1.3721976280212402,0.7589244842529297,0.792170524597168,0.8414515733718873,0.8405343294143677,0.8387999629974365
46,ramp,0.25,online_head_update,47,7200,7240,40,150,0.8171143531799316,0.9743877587211656,0.9803183078765869,0.0,0.3580455780029297,0.39129161834716797,0.4196943283081055,0.411790144443512,0.4057336330413818
46,ramp,0.25,past_state_jacobian,47,7200,7240,40,150,0.8171143531799316,0.9743877587211656,0.9803183078765869,2.5,0.7299394607543945,0.7631855010986328,0.8249595165252686,0.8150962114334106,0.8087685298919678
46,ramp,0.25,oracle_resync,47,7200,7240,40,150,0.8171143531799316,0.9743877587211656,0.9803183078765869,1.9117568731307983,0.7390999794006348,0.772346019744873,0.8175915241241455,0.8103775978088379,0.8070739650726318
46,ramp,0.25,no_resync,48,7350,7390,40,150,0.7617130279541016,0.908323109499306,0.9276816844940186,0.0,0.8519320487976074,0.8916182518005371,0.8295724153518677,0.8107671141624451,0.8139131736755371
46,ramp,0.25,output_bias_persistent,48,7350,7390,40,150,0.7617130279541016,0.908323109499306,0.9276816844940186,0.908323109499306,0.09021902084350586,0.12990522384643555,0.06858165264129638,0.05006140470504761,0.05300600051879883
46,ramp,0.25,output_bias_decay,48,7350,7390,40,150,0.7617130279541016,0.908323109499306,0.9276816844940186,0.908323109499306,0.4860772435620895,0.5257634465650192,0.1188309907913208,0.1443854570388794,0.16830461502075195
46,ramp,0.25,current_reencode,48,7350,7390,40,150,0.7617130279541016,0.908323109499306,0.9276816844940186,1.1916362047195435,0.8071956634521484,0.8468818664550781,0.802965497970581,0.7961699604988098,0.7981901741027833
46,ramp,0.25,online_head_update,48,7350,7390,40,150,0.7617130279541016,0.908323109499306,0.9276816844940186,0.0,0.4762864112854004,0.5159726142883301,0.44654767513275145,0.4163064002990723,0.42112419128417966
46,ramp,0.25,past_state_jacobian,48,7350,7390,40,150,0.7617130279541016,0.908323109499306,0.9276816844940186,2.5,0.8693652153015137,0.9090514183044434,0.9199832439422607,0.953545892238617,0.9654366397857665
46,ramp,0.25,oracle_resync,48,7350,7390,40,150,0.7617130279541016,0.908323109499306,0.9276816844940186,3.170649766921997,0.7511568069458008,0.7908430099487305,0.7412302494049072,0.7399363279342651,0.7413351631164551
46,ramp,0.25,no_resync,49,7500,7540,40,150,0.8519320487976074,1.0159069613452716,0.9286375641822815,0.0,0.9953293800354004,0.9344978332519531,0.8774607658386231,0.8988114833831787,0.8979273414611817
46,ramp,0.25,output_bias_persistent,49,7500,7540,40,150,0.8519320487976074,1.0159069613452716,0.9286375641822815,1.0159069613452716,0.14339733123779297,0.0825657844543457,0.02999401092529297,0.04911208152770996,0.04778141021728516
46,ramp,0.25,output_bias_decay,49,7500,7540,40,150,0.8519320487976074,1.0159069613452716,0.9286375641822815,1.0159069613452716,0.5861419008296158,0.5253103540461685,0.08253753185272217,0.15350207090377807,0.1758514404296875
46,ramp,0.25,current_reencode,49,7500,7540,40,150,0.8519320487976074,1.0159069613452716,0.9286375641822815,1.3516508340835571,0.9901695251464844,0.9293379783630371,0.8783496856689453,0.8881588816642761,0.8890518093109131
46,ramp,0.25,online_head_update,49,7500,7540,40,150,0.8519320487976074,1.0159069613452716,0.9286375641822815,0.0,0.5579218864440918,0.49709033966064453,0.43823766708374023,0.46398851871490476,0.4624424648284912
46,ramp,0.25,past_state_jacobian,49,7500,7540,40,150,0.8519320487976074,1.0159069613452716,0.9286375641822815,2.5,0.9874453544616699,0.9266138076782227,0.8520338058471679,0.8664084553718567,0.8688471984863281
46,ramp,0.25,oracle_resync,49,7500,7540,40,150,0.8519320487976074,1.0159069613452716,0.9286375641822815,1.58961021900177,0.9831838607788086,0.9223523139953613,0.858506178855896,0.8698642134666443,0.8720115280151367
46,ramp,0.25,no_resync,50,7650,7690,40,150,0.9953293800354004,1.1869045746507152,0.8358880281448364,0.0,1.2392311096191406,0.9392490386962891,0.9563900470733643,0.9524776220321656,0.9513077354431152
46,ramp,0.25,output_bias_persistent,50,7650,7690,40,150,0.9953293800354004,1.1869045746507152,0.8358880281448364,1.1869045746507152,0.24390172958374023,0.05608034133911133,0.03975710868835449,0.043793225288391115,0.04477481842041016
46,ramp,0.25,output_bias_decay,50,7650,7690,40,150,0.9953293800354004,1.1869045746507152,0.8358880281448364,1.1869045746507152,0.7611691320577139,0.4611870611348623,0.03513216972351074,0.08545110225677491,0.11067870140075683
46,ramp,0.25,current_reencode,50,7650,7690,40,150,0.9953293800354004,1.1869045746507152,0.8358880281448364,0.8544491529464722,1.2302966117858887,0.9303145408630371,0.946259593963623,0.9419843792915344,0.9401051616668701
46,ramp,0.25,online_head_update,50,7650,7690,40,150,0.9953293800354004,1.1869045746507152,0.8358880281448364,0.0,0.7169075012207031,0.41692543029785156,0.4379354238510132,0.43409264087677,0.43292492866516114
46,ramp,0.25,past_state_jacobian,50,7650,7690,40,150,0.9953293800354004,1.1869045746507152,0.8358880281448364,2.500000238418579,1.2101874351501465,0.9102053642272949,0.9294424295425415,0.9227542638778686,0.9194805431365967
46,ramp,0.25,oracle_resync,50,7650,7690,40,150,0.9953293800354004,1.1869045746507152,0.8358880281448364,3.344017267227173,1.192483901977539,0.8925018310546875,0.8938937187194824,0.8918405890464782,0.8895671653747559
46,ramp,0.25,no_resync,51,7800,7840,40,150,1.2392311096191406,1.4777510867850872,0.9179913401603699,0.0,0.007271289825439453,0.9616122245788574,0.946512770652771,0.9372153401374816,0.9380209064483642
46,ramp,0.25,output_bias_persistent,51,7800,7840,40,150,1.2392311096191406,1.4777510867850872,0.9179913401603699,1.4777510867850872,1.2319598197937012,0.2776188850402832,0.2927183389663696,0.3020157694816589,0.30121020317077635
46,ramp,0.25,output_bias_decay,51,7800,7840,40,150,1.2392311096191406,1.4777510867850872,0.9179913401603699,1.4777510867850872,0.5879379814000281,0.3664029533533899,0.20979251861572265,0.1469210982322693,0.12366654396057129
46,ramp,0.25,current_reencode,51,7800,7840,40,150,1.2392311096191406,1.4777510867850872,0.9179913401603699,0.5014258027076721,0.01081705093383789,0.9651579856872559,0.9381919622421264,0.9298774719238281,0.9311313533782959
46,ramp,0.25,online_head_update,51,7800,7840,40,150,1.2392311096191406,1.4777510867850872,0.9179913401603699,0.0,0.5741910934448242,0.38014984130859375,0.37573482990264895,0.3647873759269714,0.3642889499664307
46,ramp,0.25,past_state_jacobian,51,7800,7840,40,150,1.2392311096191406,1.4777510867850872,0.9179913401603699,2.5,0.006359577178955078,0.9479813575744629,0.9069541215896606,0.8974799633026123,0.8969422245025634
46,ramp,0.25,oracle_resync,51,7800,7840,40,150,1.2392311096191406,1.4777510867850872,0.9179913401603699,3.326582431793213,0.035471439361572266,0.9188694953918457,0.882866621017456,0.8789855003356933,0.8788201141357422
46,ramp,0.25,no_resync,52,7950,7990,40,150,0.007271289825439453,0.008670825287120869,0.38609904050827026,0.0,1.026247501373291,0.9857501983642578,0.9929973602294921,0.9905966758728028,0.989461669921875
46,ramp,0.25,output_bias_persistent,52,7950,7990,40,150,0.007271289825439453,0.008670825287120869,0.38609904050827026,0.008670825287120869,1.0189762115478516,0.9784789085388184,0.9857260704040527,0.9833253860473633,0.9821903800964356
46,ramp,0.25,output_bias_decay,52,7950,7990,40,150,0.007271289825439453,0.008670825287120869,0.38609904050827026,0.008670825287120869,1.0227550623243724,0.9822577593153392,0.9862125873565674,0.9842353940010071,0.9832987022399903
46,ramp,0.25,current_reencode,52,7950,7990,40,150,0.007271289825439453,0.008670825287120869,0.38609904050827026,0.5639893412590027,1.0218000411987305,0.9813027381896973,0.9844853162765503,0.9832708239555359,0.9823017024993896
46,ramp,0.25,online_head_update,52,7950,7990,40,150,0.007271289825439453,0.008670825287120869,0.38609904050827026,0.0,1.0224590301513672,0.981961727142334,0.9892885208129882,0.98686842918396,0.9857374000549316
46,ramp,0.25,past_state_jacobian,52,7950,7990,40,150,0.007271289825439453,0.008670825287120869,0.38609904050827026,0.08822524547576904,1.0251579284667969,0.9846606254577637,0.9909040689468384,0.9888221859931946,0.9877478694915771
46,ramp,0.25,oracle_resync,52,7950,7990,40,150,0.007271289825439453,0.008670825287120869,0.38609904050827026,3.349888563156128,0.9822335243225098,0.9417362213134766,0.9117789506912232,0.9153114318847656,0.9167999649047851
46,ramp,0.25,no_resync,53,8100,8140,40,150,1.026247501373291,1.2237736356787772,0.8763974905014038,0.0,0.9976863861083984,1.089454174041748,1.0253110885620118,1.0383558392524719,1.03996732711792
46,ramp,0.25,output_bias_persistent,53,8100,8140,40,150,1.026247501373291,1.2237736356787772,0.8763974905014038,1.2237736356787772,0.028561115264892578,0.06320667266845703,0.01941657066345215,0.022284829616546632,0.022360458374023437
46,ramp,0.25,output_bias_decay,53,8100,8140,40,150,1.026247501373291,1.2237736356787772,0.8763974905014038,1.2237736356787772,0.504774270968646,0.5965420589019956,0.07161440849304199,0.14248589277267457,0.1716969871520996
46,ramp,0.25,current_reencode,53,8100,8140,40,150,1.026247501373291,1.2237736356787772,0.8763974905014038,0.43652820587158203,0.994229793548584,1.0859975814819336,1.0207857131958007,1.0334409832954408,1.0353897571563722
46,ramp,0.25,online_head_update,53,8100,8140,40,150,1.026247501373291,1.2237736356787772,0.8763974905014038,0.0,0.4546937942504883,0.5464615821838379,0.482122015953064,0.49713964462280275,0.49831002235412597
46,ramp,0.25,past_state_jacobian,53,8100,8140,40,150,1.026247501373291,1.2237736356787772,0.8763974905014038,2.5,0.9721512794494629,1.0639190673828125,0.9776867389678955,0.991800844669342,0.9960241031646728
46,ramp,0.25,oracle_resync,53,8100,8140,40,150,1.026247501373291,1.2237736356787772,0.8763974905014038,3.3550899028778076,0.9372048377990723,1.0289726257324219,0.9551485538482666,0.9630522727966309,0.9662868690490722
46,ramp,0.25,no_resync,54,8250,8290,40,150,0.9976863861083984,1.1897152435073115,0.9300976395606995,0.0,1.2133207321166992,1.1814990043640137,1.121174931526184,1.1294731974601746,1.1314580821990967
46,ramp,0.25,output_bias_persistent,54,8250,8290,40,150,0.9976863861083984,1.1897152435073115,0.9300976395606995,1.1897152435073115,0.21563434600830078,0.18381261825561523,0.12348854541778564,0.1317868113517761,0.13377169609069825
46,ramp,0.25,output_bias_decay,54,8250,8290,40,150,0.9976863861083984,1.1897152435073115,0.9300976395606995,1.1897152435073115,0.7341266720437112,0.7023049442910256,0.1902508020401001,0.2566511631011963,0.28584450721740723
46,ramp,0.25,current_reencode,54,8250,8290,40,150,0.9976863861083984,1.1897152435073115,0.9300976395606995,0.664857804775238,1.2089285850524902,1.1771068572998047,1.1170016288757325,1.125534176826477,1.1275219345092773
46,ramp,0.25,online_head_update,54,8250,8290,40,150,0.9976863861083984,1.1897152435073115,0.9300976395606995,0.0,0.700589656829834,0.6687679290771484,0.6011487007141113,0.6105335593223572,0.6125024890899659
46,ramp,0.25,past_state_jacobian,54,8250,8290,40,150,0.9976863861083984,1.1897152435073115,0.9300976395606995,2.5,1.1870660781860352,1.1552443504333496,1.0894369602203369,1.1012001156806945,1.1045387172698975
46,ramp,0.25,oracle_resync,54,8250,8290,40,150,0.9976863861083984,1.1897152435073115,0.9300976395606995,3.3629791736602783,1.1563825607299805,1.124560832977295,1.0409361362457275,1.0526259183883666,1.0572877311706543
46,ramp,0.25,no_resync,55,8400,8440,40,150,1.2133207321166992,1.4468536309223043,1.0,0.0,1.432884693145752,1.178178310394287,1.1859522342681885,1.1918524742126464,1.1899478912353516
46,ramp,0.25,output_bias_persistent,55,8400,8440,40,150,1.2133207321166992,1.4468536309223043,1.0,1.4468536309223043,0.21956396102905273,0.03514242172241211,0.027368497848510743,0.022546863555908202,0.024612274169921875
46,ramp,0.25,output_bias_decay,55,8400,8440,40,150,1.2133207321166992,1.4468536309223043,1.0,1.4468536309223043,0.8501203135879454,0.5954139308364805,0.05571937561035156,0.13133158683776855,0.16232656478881835
46,ramp,0.25,current_reencode,55,8400,8440,40,150,1.2133207321166992,1.4468536309223043,1.0,0.27696308493614197,1.432518482208252,1.177812099456787,1.1833548307418824,1.189620053768158,1.1880123901367188
46,ramp,0.25,online_head_update,55,8400,8440,40,150,1.2133207321166992,1.4468536309223043,1.0,0.0,0.8865151405334473,0.6318087577819824,0.6251819372177124,0.6318830847740173,0.6304129791259766
46,ramp,0.25,past_state_jacobian,55,8400,8440,40,150,1.2133207321166992,1.4468536309223043,1.0,2.5,1.4023027420043945,1.1475963592529297,1.1674482583999635,1.1666852116584778,1.1658170986175538
46,ramp,0.25,oracle_resync,55,8400,8440,40,150,1.2133207321166992,1.4468536309223043,1.0,3.3579492568969727,1.3861756324768066,1.1314692497253418,1.1231967687606812,1.1265532970428467,1.1274467945098876
46,ramp,0.25,no_resync,56,8550,8590,40,150,1.4328842163085938,1.7086774141249472,0.9492986798286438,0.0,1.1038508415222168,1.2292780876159668,1.1980417966842651,1.2009231448173523,1.202027359008789
46,ramp,0.25,output_bias_persistent,56,8550,8590,40,150,1.4328842163085938,1.7086774141249472,0.9492986798286438,1.7086774141249472,0.32903337478637695,0.20360612869262695,0.2348424196243286,0.23196107149124146,0.23085685729980468
46,ramp,0.25,output_bias_decay,56,8550,8590,40,150,1.4328842163085938,1.7086774141249472,0.9492986798286438,1.7086774141249472,0.4156289565812967,0.5410562026750467,0.13895795345306397,0.09904309511184692,0.10888968467712402
46,ramp,0.25,current_reencode,56,8550,8590,40,150,1.4328842163085938,1.7086774141249472,0.9492986798286438,0.11634723097085953,1.1011962890625,1.22662353515625,1.196532654762268,1.1994941473007201,1.2005891132354736
46,ramp,0.25,online_head_update,56,8550,8590,40,150,1.4328842163085938,1.7086774141249472,0.9492986798286438,0.0,0.534764289855957,0.660191535949707,0.6270359039306641,0.6280230641365051,0.6292956447601319
46,ramp,0.25,past_state_jacobian,56,8550,8590,40,150,1.4328842163085938,1.7086774141249472,0.9492986798286438,2.5,1.0508198738098145,1.1762471199035645,1.1708908081054688,1.168115532398224,1.167494010925293
46,ramp,0.25,oracle_resync,56,8550,8590,40,150,1.4328842163085938,1.7086774141249472,0.9492986798286438,3.3606886863708496,1.0105695724487305,1.1359968185424805,1.139228916168213,1.1429886102676392,1.1432102394104005
46,ramp,0.25,no_resync,57,8700,8740,40,150,1.1038508415222168,1.316313614180828,0.9130407571792603,0.0,0.9882221221923828,1.1562838554382324,1.1960619926452636,1.2070806741714477,1.207330436706543
46,ramp,0.25,output_bias_persistent,57,8700,8740,40,150,1.1038508415222168,1.316313614180828,0.9130407571792603,1.316313614180828,0.11562871932983398,0.052433013916015625,0.09221115112304687,0.10322983264923095,0.10347959518432617
46,ramp,0.25,output_bias_decay,57,8700,8740,40,150,1.1038508415222168,1.316313614180828,0.9130407571792603,1.316313614180828,0.4580367113968258,0.6260984446426754,0.16607766151428222,0.24138109683990477,0.2717345905303955
46,ramp,0.25,current_reencode,57,8700,8740,40,150,1.1038508415222168,1.316313614180828,0.9130407571792603,0.5540181398391724,0.9882988929748535,1.1563606262207031,1.1937833309173584,1.2044345021247864,1.2048152256011964
46,ramp,0.25,online_head_update,57,8700,8740,40,150,1.1038508415222168,1.316313614180828,0.9130407571792603,0.0,0.44759559631347656,0.6156573295593262,0.6410376310348511,0.6527022838592529,0.6509979343414307
46,ramp,0.25,past_state_jacobian,57,8700,8740,40,150,1.1038508415222168,1.316313614180828,0.9130407571792603,2.499999761581421,0.9690184593200684,1.137080192565918,1.137018895149231,1.1455369949340821,1.1471767044067382
46,ramp,0.25,oracle_resync,57,8700,8740,40,150,1.1038508415222168,1.316313614180828,0.9130407571792603,3.325585126876831,0.9603805541992188,1.1284422874450684,1.1319437503814698,1.1365578055381775,1.1370001029968262
46,ramp,0.25,no_resync,58,8850,8890,40,150,0.9882221221923828,1.1784293532654089,1.0,0.0,,,1.233087706565857,1.2382617354393006,1.242325553894043
46,ramp,0.25,output_bias_persistent,58,8850,8890,40,150,0.9882221221923828,1.1784293532654089,1.0,1.1784293532654089,,,0.2448655843734741,0.2500396132469177,0.25410343170166017
46,ramp,0.25,output_bias_decay,58,8850,8890,40,150,0.9882221221923828,1.1784293532654089,1.0,1.1784293532654089,,,0.3109945058822632,0.37371947765350344,0.4047336387634277
46,ramp,0.25,current_reencode,58,8850,8890,40,150,0.9882221221923828,1.1784293532654089,1.0,0.5918087363243103,,,1.2269248485565185,1.2321683287620544,1.2364075946807862
46,ramp,0.25,online_head_update,58,8850,8890,40,150,0.9882221221923828,1.1784293532654089,1.0,0.0,,,0.712026047706604,0.716185474395752,0.7199980354309082
46,ramp,0.25,past_state_jacobian,58,8850,8890,40,150,0.9882221221923828,1.1784293532654089,1.0,2.499999761581421,,,1.1704616308212281,1.1807720065116882,1.1873109245300293
46,ramp,0.25,oracle_resync,58,8850,8890,40,150,0.9882221221923828,1.1784293532654089,1.0,3.3210043907165527,,,1.154775857925415,1.1606235384941102,1.1640898132324218
46,random_walk,0.25,no_resync,47,7200,7240,40,150,0.8171114921569824,0.9743843470252037,0.9803183078765869,0.0,0.7538151741027832,0.7870612144470215,0.8481149911880493,0.8435879349708557,0.8402795219421386
46,random_walk,0.25,output_bias_persistent,47,7200,7240,40,150,0.8171114921569824,0.9743843470252037,0.9803183078765869,0.9743843470252037,0.06329631805419922,0.030050277709960938,0.03454024791717529,0.029753386974334717,0.027496166229248047
46,random_walk,0.25,output_bias_decay,47,7200,7240,40,150,0.8171114921569824,0.9743843470252037,0.9803183078765869,0.9743843470252037,0.36135219283838893,0.3945982331826272,0.08568220138549805,0.12874114513397217,0.147716646194458
46,random_walk,0.25,current_reencode,47,7200,7240,40,150,0.8171114921569824,0.9743843470252037,0.9803183078765869,1.3725563287734985,0.7512164115905762,0.7844624519348145,0.8404057741165161,0.8390783429145813,0.8371271514892578
46,random_walk,0.25,online_head_update,47,7200,7240,40,150,0.8171114921569824,0.9743843470252037,0.9803183078765869,0.0,0.3497471809387207,0.382993221282959,0.4186457633972168,0.41033393144607544,0.4040856075286865
46,random_walk,0.25,past_state_jacobian,47,7200,7240,40,150,0.8171114921569824,0.9743843470252037,0.9803183078765869,2.499999761581421,0.7220783233642578,0.7553243637084961,0.8239835262298584,0.813572907447815,0.8070042419433594
46,random_walk,0.25,oracle_resync,47,7200,7240,40,150,0.8171114921569824,0.9743843470252037,0.9803183078765869,1.91082763671875,0.731328010559082,0.7645740509033203,0.8166032075881958,0.808856189250946,0.8053164196014404
46,random_walk,0.25,no_resync,48,7350,7390,40,150,0.7538151741027832,0.8989051227965331,0.9276816844940186,0.0,0.8262066841125488,0.8658928871154785,0.8166606187820434,0.7960700750350952,0.7987869262695313
46,random_walk,0.25,output_bias_persistent,48,7350,7390,40,150,0.7538151741027832,0.8989051227965331,0.9276816844940186,0.8989051227965331,0.07239151000976562,0.11207771301269531,0.06417348384857177,0.045726776123046875,0.04774925231933594
46,random_walk,0.25,output_bias_decay,48,7350,7390,40,150,0.7538151741027832,0.8989051227965331,0.9276816844940186,0.8989051227965331,0.46414525994905187,0.5038314629519816,0.11328856945037842,0.1365978479385376,0.159872407913208
46,random_walk,0.25,current_reencode,48,7350,7390,40,150,0.7538151741027832,0.8989051227965331,0.9276816844940186,1.200961709022522,0.7816472053527832,0.8213334083557129,0.789806866645813,0.7815713882446289,0.7830482578277588
46,random_walk,0.25,online_head_update,48,7350,7390,40,150,0.7538151741027832,0.8989051227965331,0.9276816844940186,0.0,0.4590640068054199,0.4987502098083496,0.4378800868988037,0.405730664730072,0.4102077674865723
46,random_walk,0.25,past_state_jacobian,48,7350,7390,40,150,0.7538151741027832,0.8989051227965331,0.9276816844940186,2.5,0.8486385345458984,0.8883247375488281,0.9148679733276367,0.9457708597183228,0.9557245540618896
46,random_walk,0.25,oracle_resync,48,7350,7390,40,150,0.7538151741027832,0.8989051227965331,0.9276816844940186,3.163835287094116,0.7244143486022949,0.7641005516052246,0.7281047344207764,0.7255204796791077,0.7262731552124023
46,random_walk,0.25,no_resync,49,7500,7540,40,150,0.8262066841125488,0.9852301284880238,0.9286375641822815,0.0,0.9449710845947266,0.8841395378112793,0.8424968719482422,0.8616366386413574,0.8590318965911865
46,random_walk,0.25,output_bias_persistent,49,7500,7540,40,150,0.8262066841125488,0.9852301284880238,0.9286375641822815,0.9852301284880238,0.11876440048217773,0.05793285369873047,0.02422308921813965,0.03939640522003174,0.03639632225036621
46,random_walk,0.25,output_bias_decay,49,7500,7540,40,150,0.8262066841125488,0.9852301284880238,0.9286375641822815,0.9852301284880238,0.5481396344196439,0.4873080876361966,0.07163715362548828,0.1388627767562866,0.1587839889526367
46,random_walk,0.25,current_reencode,49,7500,7540,40,150,0.8262066841125488,0.9852301284880238,0.9286375641822815,1.4340345859527588,0.939753532409668,0.8789219856262207,0.8443682193756104,0.8520560979843139,0.8520550346374511
46,random_walk,0.25,online_head_update,49,7500,7540,40,150,0.8262066841125488,0.9852301284880238,0.9286375641822815,0.0,0.5241274833679199,0.46329593658447266,0.419445538520813,0.4429472088813782,0.43924283027648925
46,random_walk,0.25,past_state_jacobian,49,7500,7540,40,150,0.8262066841125488,0.9852301284880238,0.9286375641822815,2.5,0.9372963905334473,0.87646484375,0.817790412902832,0.8300441145896912,0.8313660049438476
46,random_walk,0.25,oracle_resync,49,7500,7540,40,150,0.8262066841125488,0.9852301284880238,0.9286375641822815,2.367499589920044,0.9228153228759766,0.8619837760925293,0.813461446762085,0.782499349117279,0.7877191925048828
46,random_walk,0.25,no_resync,50,7650,7690,40,150,0.9449715614318848,1.1268541767936582,0.8358880281448364,0.0,1.183483600616455,0.8835015296936035,0.9040200710296631,0.9002007722854615,0.8991411781311035
46,random_walk,0.25,output_bias_persistent,50,7650,7690,40,150,0.9449715614318848,1.1268541767936582,0.8358880281448364,1.1268541767936582,0.2385120391845703,0.06147003173828125,0.04310874938964844,0.04667046070098877,0.04737459182739258
46,random_walk,0.25,output_bias_decay,50,7650,7690,40,150,0.9449715614318848,1.1268541767936582,0.8358880281448364,1.1268541767936582,0.7296087502816162,0.42962667935876464,0.030547571182250977,0.0776282548904419,0.10151307106018066
46,random_walk,0.25,current_reencode,50,7650,7690,40,150,0.9449715614318848,1.1268541767936582,0.8358880281448364,0.9522713422775269,1.170386791229248,0.8704047203063965,0.8931254625320435,0.8879995822906495,0.8858692741394043
46,random_walk,0.25,online_head_update,50,7650,7690,40,150,0.9449715614318848,1.1268541767936582,0.8358880281448364,0.0,0.6828603744506836,0.38287830352783203,0.4056932687759399,0.4023505449295044,0.40151267051696776
46,random_walk,0.25,past_state_jacobian,50,7650,7690,40,150,0.9449715614318848,1.1268541767936582,0.8358880281448364,2.5,1.1506319046020508,0.8506498336791992,0.872114896774292,0.8652920126914978,0.8620170211791992
46,random_walk,0.25,oracle_resync,50,7650,7690,40,150,0.9449715614318848,1.1268541767936582,0.8358880281448364,3.3361656665802,1.1318283081054688,0.8318462371826172,0.8411041975021363,0.8381317138671875,0.835452184677124
46,random_walk,0.25,no_resync,51,7800,7840,40,150,1.183483600616455,1.4112736223518398,0.9179913401603699,0.0,0.08124876022338867,0.8730921745300293,0.8872774124145508,0.8755904912948609,0.8748630237579346
46,random_walk,0.25,output_bias_persistent,51,7800,7840,40,150,1.183483600616455,1.4112736223518398,0.9179913401603699,1.4112736223518398,1.2647323608398438,0.3103914260864258,0.2962061882019043,0.30789310932159425,0.3086205768585205
46,random_walk,0.25,output_bias_decay,51,7800,7840,40,150,1.183483600616455,1.4112736223518398,0.9179913401603699,1.4112736223518398,0.6496822073523152,0.3046587274011028,0.2170109272003174,0.15977554321289061,0.1322879695892334
46,random_walk,0.25,current_reencode,51,7800,7840,40,150,1.183483600616455,1.4112736223518398,0.9179913401603699,0.6657278537750244,0.07251119613647461,0.8818297386169434,0.8746309518814087,0.8642673134803772,0.8646287059783936
46,random_walk,0.25,online_head_update,51,7800,7840,40,150,1.183483600616455,1.4112736223518398,0.9179913401603699,0.0,0.6554684638977051,0.2988724708557129,0.3240332841873169,0.31047996282577517,0.30840824127197264
46,random_walk,0.25,past_state_jacobian,51,7800,7840,40,150,1.183483600616455,1.4112736223518398,0.9179913401603699,2.499999761581421,0.08688735961914062,0.8674535751342773,0.8404386758804321,0.8302093386650086,0.8295857048034668
46,random_walk,0.25,oracle_resync,51,7800,7840,40,150,1.183483600616455,1.4112736223518398,0.9179913401603699,3.319669723510742,0.1150960922241211,0.8392448425292969,0.8189837217330933,0.8133033990859986,0.8124653148651123
46,random_walk,0.25,no_resync,52,7950,7990,40,150,-0.08124876022338867,-0.09688704777348102,0.38609904050827026,0.0,0.9209752082824707,0.8804779052734375,0.9049637794494629,0.9004306793212891,0.8984689903259278
46,random_walk,0.25,output_bias_persistent,52,7950,7990,40,150,-0.08124876022338867,-0.09688704777348102,0.38609904050827026,0.09688704777348102,1.0022239685058594,0.9617266654968262,0.9862125396728516,0.9816794395446777,0.9797177505493164
46,random_walk,0.25,output_bias_decay,52,7950,7990,40,150,-0.08124876022338867,-0.09688704777348102,0.38609904050827026,0.09688704777348102,0.9599994185247382,0.919502115515705,0.9807756185531616,0.9715108513832093,0.9673333740234376
46,random_walk,0.25,current_reencode,52,7950,7990,40,150,-0.08124876022338867,-0.09688704777348102,0.38609904050827026,0.7017670273780823,0.9136848449707031,0.8731875419616699,0.8924278497695923,0.8899231195449829,0.8881404018402099
46,random_walk,0.25,online_head_update,52,7950,7990,40,150,-0.08124876022338867,-0.09688704777348102,0.38609904050827026,0.0,0.9631223678588867,0.9226250648498535,0.9460117816925049,0.941798985004425,0.9397792148590088
46,random_walk,0.25,past_state_jacobian,52,7950,7990,40,150,-0.08124876022338867,-0.09688704777348102,0.38609904050827026,0.9833076000213623,0.9164986610412598,0.8760013580322266,0.8831313133239747,0.8867640495300293,0.8864115524291992
46,random_walk,0.25,oracle_resync,52,7950,7990,40,150,-0.08124876022338867,-0.09688704777348102,0.38609904050827026,3.346064567565918,0.8768715858459473,0.8363742828369141,0.8232359409332275,0.8252627611160278,0.8259279727935791
46,random_walk,0.25,no_resync,53,8100,8140,40,150,0.9209752082824707,1.098239145529374,0.8763974905014038,0.0,0.8609814643859863,0.9527492523193359,0.9094311952590942,0.9202716827392579,0.9207095909118652
46,random_walk,0.25,output_bias_persistent,53,8100,8140,40,150,0.9209752082824707,1.098239145529374,0.8763974905014038,1.098239145529374,0.059993743896484375,0.031774044036865234,0.022811007499694825,0.0191727876663208,0.019004993438720703
46,random_walk,0.25,output_bias_decay,53,8100,8140,40,150,0.9209752082824707,1.098239145529374,0.8763974905014038,1.098239145529374,0.418632189675634,0.5103999776089836,0.060706377029418945,0.11987082958221436,0.14436302185058594
46,random_walk,0.25,current_reencode,53,8100,8140,40,150,0.9209752082824707,1.098239145529374,0.8763974905014038,0.517723560333252,0.8549861907958984,0.946753978729248,0.9026034116744995,0.9127599120140075,0.9137086582183838
46,random_walk,0.25,online_head_update,53,8100,8140,40,150,0.9209752082824707,1.098239145529374,0.8763974905014038,0.0,0.36306285858154297,0.4548306465148926,0.41242117881774903,0.4251063585281372,0.42509446144104
46,random_walk,0.25,past_state_jacobian,53,8100,8140,40,150,0.9209752082824707,1.098239145529374,0.8763974905014038,2.5,0.834449291229248,0.9262170791625977,0.8610868215560913,0.8734600901603699,0.8765961456298829
46,random_walk,0.25,oracle_resync,53,8100,8140,40,150,0.9209752082824707,1.098239145529374,0.8763974905014038,3.3526053428649902,0.7997884750366211,0.8915562629699707,0.8387714624404907,0.8446897506713867,0.846967658996582
46,random_walk,0.25,no_resync,54,8250,8290,40,150,0.8609814643859863,1.0266981556727015,0.9300976395606995,0.0,1.0570154190063477,1.025193691253662,0.9759419679641723,0.9823961734771729,0.984403886795044
46,random_walk,0.25,output_bias_persistent,54,8250,8290,40,150,0.8609814643859863,1.0266981556727015,0.9300976395606995,1.0266981556727015,0.19603395462036133,0.16421222686767578,0.11496050357818603,0.12141470909118653,0.12342242240905761
46,random_walk,0.25,output_bias_decay,54,8250,8290,40,150,0.8609814643859863,1.0266981556727015,0.9300976395606995,1.0266981556727015,0.6434814575217,0.6116597297690145,0.17257483005523683,0.22916990518569946,0.2546579360961914
46,random_walk,0.25,current_reencode,54,8250,8290,40,150,0.8609814643859863,1.0266981556727015,0.9300976395606995,0.7411168217658997,1.0499343872070312,1.0181126594543457,0.9690407276153564,0.9761653542518616,0.9780717945098877
46,random_walk,0.25,online_head_update,54,8250,8290,40,150,0.8609814643859863,1.0266981556727015,0.9300976395606995,0.0,0.5988402366638184,0.5670185089111328,0.51343994140625,0.5193959474563599,0.5212423992156983
46,random_walk,0.25,past_state_jacobian,54,8250,8290,40,150,0.8609814643859863,1.0266981556727015,0.9300976395606995,2.500000238418579,1.0285067558288574,0.9966850280761719,0.942598533630371,0.9528959155082702,0.9557692241668702
46,random_walk,0.25,oracle_resync,54,8250,8290,40,150,0.8609814643859863,1.0266981556727015,0.9300976395606995,3.354090690612793,0.998713493347168,0.9668917655944824,0.8957355737686157,0.906251847743988,0.9103465366363526
46,random_walk,0.25,no_resync,55,8400,8440,40,150,1.0570154190063477,1.2604635826688404,1.0,0.0,1.2574214935302734,1.0027151107788086,1.0273585319519043,1.0312472105026245,1.0281690216064454
46,random_walk,0.25,output_bias_persistent,55,8400,8440,40,150,1.0570154190063477,1.2604635826688404,1.0,1.2604635826688404,0.20040607452392578,0.05430030822753906,0.02965688705444336,0.026309633255004884,0.02946462631225586
46,random_walk,0.25,output_bias_decay,55,8400,8440,40,150,1.0570154190063477,1.2604635826688404,1.0,1.2604635826688404,0.7497313844478688,0.49502500169640395,0.04395194053649902,0.10795962810516357,0.13342022895812988
46,random_walk,0.25,current_reencode,55,8400,8440,40,150,1.0570154190063477,1.2604635826688404,1.0,0.413844496011734,1.2561287879943848,1.00142240524292,1.0221521854400635,1.0257426500320435,1.0233193302154542
46,random_walk,0.25,online_head_update,55,8400,8440,40,150,1.0570154190063477,1.2604635826688404,1.0,0.0,0.7416749000549316,0.4869685173034668,0.4984248399734497,0.50314382314682,0.5001849365234375
46,random_walk,0.25,past_state_jacobian,55,8400,8440,40,150,1.0570154190063477,1.2604635826688404,1.0,2.5,1.2285962104797363,0.9738898277282715,1.0055960893630982,1.0037909030914307,1.0021768856048583
46,random_walk,0.25,oracle_resync,55,8400,8440,40,150,1.0570154190063477,1.2604635826688404,1.0,3.3539721965789795,1.2108445167541504,0.9561381340026855,0.9628180742263794,0.9648966789245605,0.9651768779754639
46,random_walk,0.25,no_resync,56,8550,8590,40,150,1.2574214935302734,1.4994426497107274,0.9492986798286438,0.0,0.9052834510803223,1.0307106971740723,1.0147265672683716,1.0172474026679992,1.017504367828369
46,random_walk,0.25,output_bias_persistent,56,8550,8590,40,150,1.2574214935302734,1.4994426497107274,0.9492986798286438,1.4994426497107274,0.35213804244995117,0.22671079635620117,0.24269492626190187,0.24017409086227418,0.2399171257019043
46,random_walk,0.25,output_bias_decay,56,8550,8590,40,150,1.2574214935302734,1.4994426497107274,0.9492986798286438,1.4994426497107274,0.3013372420334788,0.4267644881272288,0.1585519552230835,0.1010860562324524,0.09885706901550292
46,random_walk,0.25,current_reencode,56,8550,8590,40,150,1.2574214935302734,1.4994426497107274,0.9492986798286438,0.2736150026321411,0.8961405754089355,1.0215678215026855,1.0118633270263673,1.013620138168335,1.0136502933502198
46,random_walk,0.25,online_head_update,56,8550,8590,40,150,1.2574214935302734,1.4994426497107274,0.9492986798286438,0.0,0.33571624755859375,0.46114349365234375,0.4406003475189209,0.44155575037002565,0.44224154472351074
46,random_walk,0.25,past_state_jacobian,56,8550,8590,40,150,1.2574214935302734,1.4994426497107274,0.9492986798286438,2.5,0.8505516052246094,0.9759788513183594,0.988594365119934,0.9838467240333557,0.982491626739502
46,random_walk,0.25,oracle_resync,56,8550,8590,40,150,1.2574214935302734,1.4994426497107274,0.9492986798286438,3.357710838317871,0.8076682090759277,0.9330954551696777,0.9576668500900268,0.9591169834136963,0.9583194828033448
46,random_walk,0.25,no_resync,57,8700,8740,40,150,0.9052834510803223,1.0795271304104435,0.9130407571792603,0.0,0.7490086555480957,0.9170703887939453,0.9801087379455566,0.9897436261177063,0.9889349746704101
46,random_walk,0.25,output_bias_persistent,57,8700,8740,40,150,0.9052834510803223,1.0795271304104435,0.9130407571792603,1.0795271304104435,0.15627479553222656,0.011786937713623047,0.07482528686523438,0.08446017503738404,0.08365152359008789
46,random_walk,0.25,output_bias_decay,57,8700,8740,40,150,0.9052834510803223,1.0795271304104435,0.9130407571792603,1.0795271304104435,0.31419621500534856,0.48225794825119817,0.13540422916412354,0.19775995016098022,0.22163978576660157
46,random_walk,0.25,current_reencode,57,8700,8740,40,150,0.9052834510803223,1.0795271304104435,0.9130407571792603,0.6262649893760681,0.7494187355041504,0.91748046875,0.9757918596267701,0.984156608581543,0.9836150741577149
46,random_walk,0.25,online_head_update,57,8700,8740,40,150,0.9052834510803223,1.0795271304104435,0.9130407571792603,0.0,0.2825655937194824,0.45062732696533203,0.4980250597000122,0.5081862926483154,0.5052969932556153
46,random_walk,0.25,past_state_jacobian,57,8700,8740,40,150,0.9052834510803223,1.0795271304104435,0.9130407571792603,2.500000238418579,0.7305994033813477,0.8986611366271973,0.9213296890258789,0.9274275183677674,0.9278808212280274
46,random_walk,0.25,oracle_resync,57,8700,8740,40,150,0.9052834510803223,1.0795271304104435,0.9130407571792603,3.3200247287750244,0.724482536315918,0.8925442695617676,0.9167545557022094,0.9193089842796326,0.9187670803070068
46,random_walk,0.25,no_resync,58,8850,8890,40,150,0.7490086555480957,0.8931734735805728,1.0,0.0,,,0.9886107444763184,0.9923385500907898,0.9954569053649902
46,random_walk,0.25,output_bias_persistent,58,8850,8890,40,150,0.7490086555480957,0.8931734735805728,1.0,0.8931734735805728,,,0.23960208892822266,0.2433298945426941,0.24644824981689453
46,random_walk,0.25,output_bias_decay,58,8850,8890,40,150,0.7490086555480957,0.8931734735805728,1.0,0.8931734735805728,,,0.2897235870361328,0.33707127571105955,0.36061624526977537
46,random_walk,0.25,current_reencode,58,8850,8890,40,150,0.7490086555480957,0.8931734735805728,1.0,0.7799010872840881,,,0.978820538520813,0.982389760017395,0.9858693313598633
46,random_walk,0.25,online_head_update,58,8850,8890,40,150,0.7490086555480957,0.8931734735805728,1.0,0.0,,,0.5872818946838378,0.5899787306785583,0.5927989768981934
46,random_walk,0.25,past_state_jacobian,58,8850,8890,40,150,0.7490086555480957,0.8931734735805728,1.0,2.5,,,0.9235838413238525,0.9322236776351929,0.9382668209075927
46,random_walk,0.25,oracle_resync,58,8850,8890,40,150,0.7490086555480957,0.8931734735805728,1.0,3.3126637935638428,,,0.9096752882003785,0.9139110326766968,0.9167810821533203
